id,predictions
0,0.0
1,0.0
2,0.0
3,74.77045250709186
4,222.6030377633047
5,831.2377845266083
6,1849.386290833266
7,2598.299433631833
8,2885.556052739757
9,2048.2384091131826
10,2273.484772102444
11,2751.0776258076053
12,2304.481300580475
13,2328.8631329991026
14,2256.070897054222
15,1812.8483611374893
16,1178.124441251295
17,675.788106967381
18,308.68600750432614
19,4.806993372260741
20,0.0
21,0.0
22,0.0
23,0.0
24,0.0
25,0.0
26,1.6717764024748067
27,186.6563437841399
28,580.9291111444387
29,1159.070986132931
30,1892.5366936134287
31,2520.301000795597
32,3663.2987737332855
33,4050.838416610104
34,4034.219008711392
35,3805.2953014797617
36,3667.9538528900216
37,3274.619165480446
38,3056.808382234148
39,2473.109475377995
40,1687.2548524495946
41,744.0544251004841
42,517.5303990827559
43,101.97580921663418
44,7.167792439889097
45,5.534857643813976
46,0.0
47,0.0
48,0.0
49,0.0
50,41.89266449391876
51,309.96910783042995
52,716.7876353120317
53,1448.8065862885546
54,2453.980476686112
55,3500.696326942923
56,4000.463785317666
57,4340.079862376639
58,4468.945881093965
59,4555.117273501999
60,4459.129863193378
61,4107.122472717025
62,3171.228964504004
63,2254.7950186672256
64,1464.5647372345013
65,926.5136339194488
66,473.7002665274492
67,103.41167182083731
68,0.0
69,0.0
70,0.0
71,0.0
72,0.0
73,0.0
74,22.48099401281748
75,128.1759686063378
76,570.2244567008461
77,994.780057667765
78,2265.493063636432
79,3255.3027310870134
80,3616.748147803109
81,3008.894631156331
82,3123.9810284149835
83,3132.279928414926
84,3065.48854643254
85,2666.579659793728
86,3056.527906027225
87,2702.408862214209
88,1815.007358619084
89,809.4386979124753
90,396.62099020524033
91,172.3598887957111
92,0.0
93,0.0
94,0.0
95,0.0
96,0.0
97,0.0
98,37.90786950118692
99,273.7478631730539
100,647.9800704357393
101,1461.0477905592447
102,3037.0392726829887
103,3413.7412222843463
104,4341.660722338316
105,4320.215356375929
106,4709.774447051252
107,4601.645857784305
108,4239.843933880062
109,4039.6163907780274
110,3457.1590544790447
111,3310.2818436783705
112,2141.701158940756
113,1017.063268919444
114,432.6399497796946
115,200.5073840311936
116,12.152536756601156
117,0.0
118,0.0
119,0.0
120,1.596908199500132
121,0.0
122,68.27101587470877
123,215.47864576944
124,593.694088590511
125,1551.1014346417448
126,2717.9563929924893
127,3842.298400440988
128,4080.208830374346
129,3743.0577137558334
130,3822.2314755708426
131,2927.054963683834
132,2881.548366575079
133,3296.140098766686
134,3172.8134916346726
135,2449.1698556065203
136,1702.4709769883716
137,991.822010459407
138,464.4764256502568
139,230.12123564419045
140,16.904685068358376
141,0.0
142,0.0
143,0.0
144,0.0
145,1.3270426501728592
146,89.62764667116379
147,240.190307497026
148,592.0900635053088
149,1568.722737201957
150,2501.2586825345907
151,3793.959354649761
152,4064.4520583004655
153,4454.593564805752
154,3987.41181931077
155,4194.437819951287
156,3603.65004521129
157,3440.3156244370653
158,3128.2995085270486
159,2415.5181280115703
160,1855.9626040288608
161,1067.9535779817666
162,443.7455711742599
163,197.88729461143564
164,16.338567618162664
165,7.563743113674589
166,0.0
167,0.0
168,0.8923240911136916
169,0.1043651004241947
170,23.07005203285861
171,77.16011114535335
172,148.74304450377846
173,220.8645870214828
174,263.9020622544977
175,406.8637489172225
176,536.927802553468
177,568.5051578721943
178,710.5648009236645
179,1469.7717620356668
180,1719.0519598876228
181,2441.146418390189
182,1976.0805951545944
183,2035.0020586596268
184,961.1742567397906
185,512.583952348052
186,317.86258651242974
187,161.78282174027817
188,15.059800806325509
189,1.058118451240123
190,0.0
191,0.0
192,0.2746993521615963
193,2.706890799623725
194,43.71163908408849
195,161.06171413078184
196,257.4146702005234
197,911.1989582665962
198,1485.4423990474545
199,1863.660777869064
200,1902.247672964141
201,2209.828920299529
202,2319.5525266911427
203,2267.8300596145664
204,2847.571617313141
205,2729.95697901332
206,2128.387160769917
207,1387.4422802429606
208,826.4669480327096
209,477.4253010010945
210,214.0561044368577
211,50.87160467383462
212,17.222219524741188
213,6.51901432921288
214,1.3825440030875429
215,0.0
216,0.0
217,2.614728381317499
218,24.266264458206017
219,127.13709443198876
220,210.658836631856
221,272.653181600236
222,669.687512609054
223,1131.5632840805818
224,2177.101544828948
225,2459.894454223819
226,1692.6877828801205
227,1622.4073368539916
228,1132.940381691223
229,1001.085711962952
230,652.3239117529856
231,570.2914510882172
232,346.1822893353833
233,300.6550974646674
234,239.7039148292725
235,66.31255662185885
236,7.990600387760415
237,0.0
238,0.2260931258328602
239,0.0
240,3.0313291711409294
241,0.0
242,19.171090252446984
243,110.52958750478084
244,283.00594776678975
245,1051.6881778686195
246,1391.5626498505917
247,1827.5078668035983
248,1954.894442301867
249,1367.208838260219
250,1414.086958097172
251,1501.5850316068336
252,2247.0173371946407
253,2500.713523111531
254,2373.113090287651
255,1951.2028582620096
256,1257.0067872992984
257,779.6568929258955
258,502.0114121235571
259,228.00604092045683
260,39.253955815205934
261,6.936868812292469
262,0.0
263,0.0
264,1.62871943837329
265,0.0
266,67.5724844339585
267,180.46439085946545
268,291.15490212239195
269,702.2539115930963
270,1177.7645325503042
271,1223.1649788801542
272,1348.6869255470303
273,1500.7749198189854
274,1681.6666554154071
275,1827.99461860848
276,1476.4511012204373
277,747.3587633328833
278,927.2198979346846
279,1023.8303197400782
280,515.3556478366309
281,460.5200950024902
282,187.89945666437
283,66.30941364041384
284,8.27291577837002
285,0.0
286,0.0
287,0.0
288,0.0
289,0.0
290,75.49397195671884
291,163.22549892513044
292,343.8315887089927
293,891.7568961141743
294,1603.3830417511113
295,1715.1261090785097
296,1655.5420480296916
297,2011.950603498912
298,2581.58477782414
299,2343.5897994855754
300,1601.9873153919834
301,1510.747109722409
302,1451.1065751558667
303,1681.1956070906945
304,1320.8660066293853
305,707.4288406487576
306,344.8539154485165
307,171.0324811445174
308,28.22928454299124
309,0.0
310,0.0
311,0.0
312,0.0
313,0.0
314,66.12738876534607
315,228.6868436400419
316,500.776262712795
317,747.2535372438128
318,1007.1946428446898
319,1833.7315778820996
320,2605.832935025829
321,2614.087169840803
322,2715.2557819667745
323,2787.2437198755515
324,2387.0399951451445
325,1714.3839342103022
326,1078.9420467979364
327,567.5913571925262
328,619.4727543295528
329,464.2181172947223
330,201.00761679747936
331,136.3239910797775
332,22.620300953996555
333,1.3195001355649527
334,0.0
335,1.6388856951122197
336,1.4343630803930845
337,2.887240405922782
338,24.915245670767742
339,112.16713746562196
340,268.0069283299891
341,540.4115535846016
342,845.6027070079823
343,924.4668399857376
344,1198.6601991219347
345,1690.6091381563376
346,1300.3794933131528
347,1725.43864787426
348,1587.0861203602915
349,1426.0770567529785
350,1344.2825296058668
351,1325.1898084541635
352,797.9610857583089
353,612.9999149292303
354,264.05319347307136
355,149.9137759196266
356,29.589784156423534
357,2.347284324967707
358,0.0
359,0.0
360,0.0846730379471543
361,8.96702739646032
362,51.76939779769343
363,203.09977344754896
364,382.0275192551243
365,556.2778370743181
366,884.9457380494123
367,991.4786241739686
368,1646.6067414281986
369,1973.027708015588
370,1799.1559722037634
371,2302.2938391072703
372,1877.1536349166984
373,1643.6580220085098
374,1021.1885129557515
375,943.3555456623728
376,1025.4381964796316
377,841.0284494953472
378,319.9042763918149
379,97.71930140713076
380,16.26292472996169
381,0.0
382,0.0
383,0.0
384,0.0
385,2.727668586450883
386,42.55967762369927
387,126.02301043486116
388,326.0612989380631
389,494.063063122422
390,525.037194033645
391,589.9095945727221
392,874.3249732438327
393,1332.7989690561674
394,1537.8430382562171
395,1455.7654754242092
396,1852.16389410324
397,2021.0234746068136
398,1709.0981357970315
399,930.298120937941
400,962.7054904367668
401,822.9334219116665
402,491.4938515563801
403,166.53581341460526
404,71.99238600570835
405,0.0
406,0.0
407,0.0
408,1.8754138779066
409,18.11170998328078
410,120.1476193333896
411,242.8883032747714
412,640.9039818731561
413,1717.8822140447792
414,2907.226866697594
415,3911.439591686919
416,4712.2211188011925
417,4922.317557198923
418,4645.204311650383
419,4772.944369602525
420,4407.869633124076
421,4254.887715661601
422,3493.2931275023293
423,2962.225645104236
424,2323.4267994215725
425,1162.8482351055277
426,563.3856513576915
427,335.1569986767587
428,134.25346707317345
429,0.0
430,0.0
431,0.9158553526228976
432,0.0
433,12.500938297245876
434,131.90540824307269
435,331.1322673347309
436,712.703767529301
437,1512.315934889521
438,1753.854877217308
439,2720.112665552752
440,3785.212725959682
441,4301.68327721219
442,3874.691598264451
443,2552.138391635431
444,1190.156449814262
445,1001.0831159121004
446,989.3356388801418
447,1193.2771421106968
448,1266.6789052850077
449,650.4302837332106
450,309.3346856082925
451,114.8972766203043
452,38.26020426345978
453,4.613499033867628
454,0.2191899076225305
455,0.0
456,0.0
457,5.022378275567227
458,68.22761057303241
459,221.7739911217132
460,448.171802823082
461,945.055889008452
462,2107.0050834782587
463,3153.0720164372856
464,3479.668810712574
465,3950.390058570305
466,4009.1881810025993
467,3931.271458755638
468,4197.9599318041455
469,3667.689811073276
470,3337.998665090728
471,2950.815054312133
472,2148.4583600490582
473,1200.541105110645
474,566.52866419163
475,316.7109524177729
476,130.97632752344177
477,6.647330928988564
478,0.0
479,2.0986283090042326
480,0.0067649935518971
481,30.9094251409998
482,109.41610778016022
483,300.0281510007938
484,568.7056603657661
485,1547.1240840201774
486,2429.771939204925
487,3291.3725898233088
488,4058.948165017911
489,4543.653271545726
490,4859.121612434243
491,4726.292433114526
492,4587.132134838385
493,4190.170245649458
494,3695.936103530719
495,3029.5810722232395
496,2259.672220547378
497,1204.146025348874
498,550.5715058988746
499,363.8866493285751
500,131.24824422132147
501,4.3958973527188965
502,0.0
503,2.41511422164369
504,0.0
505,0.0
506,122.08850215611608
507,370.49219318556567
508,742.8963527740929
509,1544.6138708218214
510,1923.3738984277368
511,3135.292507096426
512,4178.000676045345
513,4751.05724896758
514,4955.260849398348
515,3811.859843349905
516,3273.9913824806044
517,3783.097251462846
518,2319.2191461174352
519,1868.8807826802456
520,1540.4678694228128
521,756.2019271756665
522,410.68582499561177
523,276.97936461678097
524,36.4157469810262
525,0.0
526,0.0
527,0.0
528,0.0
529,0.0
530,51.63409185151187
531,130.34290981777707
532,315.8107891483407
533,578.0274110427335
534,867.7726409641739
535,1236.1294914451587
536,1341.1775843930625
537,851.333705500918
538,1272.058545387261
539,2732.062720107505
540,3715.353719723775
541,3454.3371157746337
542,3051.950664850835
543,2422.343248104469
544,1783.292858295703
545,1145.0870464647278
546,488.7920922153586
547,310.13052970266574
548,102.89422166382244
549,0.8234666032243716
550,0.0
551,0.0
552,0.0
553,1.1351736853704084
554,56.666739639673565
555,55.46373342115069
556,69.60716222095498
557,217.9848819146541
558,482.4281873495559
559,872.738729716221
560,1348.4369923578547
561,1530.086954630048
562,1499.3608805917756
563,1526.09744883446
564,1192.9275332892978
565,1126.1913874215684
566,1933.2297598906696
567,2436.508376256528
568,1531.949617635162
569,914.4973613998668
570,459.2095463856217
571,232.95377288404308
572,47.63405741065313
573,0.0
574,0.0
575,2.3492243093534624
576,0.0
577,22.22794562164318
578,114.95345242189374
579,270.55011785323376
580,685.9199437311669
581,1637.0644407003342
582,2799.443599006334
583,3607.595830411199
584,4230.784610383576
585,4211.191176610862
586,4648.549618094887
587,4620.284964588657
588,4065.7496905815
589,3225.654741563982
590,2874.108031542538
591,1879.7716843458825
592,1410.9793034826826
593,956.172828476709
594,310.72005772943595
595,277.89139762582454
596,79.00348476011544
597,8.465503070835293
598,4.964027910834381
599,0.0
600,0.0
601,1.097248338433798
602,110.10042570185092
603,234.0278097308653
604,718.8609779508762
605,1386.8426006204004
606,1898.0093924281168
607,3237.067566827793
608,4275.667191754367
609,4012.0162248925135
610,4113.4295791978
611,4567.113051181858
612,4719.096144318441
613,4043.084695109611
614,2986.9464358780083
615,2123.4883138566724
616,1714.2291725101147
617,1012.3008126780546
618,572.1842440636692
619,289.1801798585748
620,112.77908160547508
621,6.833946404911296
622,0.0
623,3.774240789541816
624,3.83326293285859
625,13.897108618593808
626,101.48150709575074
627,330.2545532775651
628,453.07406794686
629,614.8305132880924
630,635.6962938716154
631,893.6987886974804
632,988.8551452685068
633,1459.9390309635492
634,1784.517780656143
635,1216.036892717243
636,1351.8606366298802
637,672.1758030506763
638,725.0954685749036
639,809.4151707887966
640,444.76211053274864
641,348.58777575326883
642,169.2627223745975
643,94.68198387391548
644,6.153835202120967
645,0.0
646,0.0
647,0.0
648,0.0
649,0.0
650,16.630189298177708
651,91.69188963689597
652,94.6993826938705
653,194.03600801237064
654,218.58895989332217
655,638.3667720673612
656,604.708077432001
657,524.7131622594515
658,626.153842816405
659,610.7065761324269
660,947.6659260526692
661,1106.466136631365
662,957.200776454487
663,810.636691677181
664,543.1394182599597
665,579.1722895903837
666,381.75249119658906
667,149.92175039473884
668,25.776895410795277
669,0.0
670,0.0
671,0.0
672,0.0
673,3.2141049194035984
674,159.45040277961172
675,297.3316108309177
676,523.12055768163
677,982.8830774014516
678,2314.121084316924
679,3120.785863660454
680,3346.62922263116
681,4140.323776004119
682,4211.001607186669
683,3887.0427919542553
684,3539.891230407101
685,3633.404952467005
686,2785.3368218692067
687,1185.0884177391629
688,646.6003023075444
689,814.6094776744499
690,506.495967637037
691,380.3363178174594
692,130.65626943344083
693,0.0
694,0.0
695,0.0
696,0.0
697,2.757128364674525
698,50.94092364828265
699,237.7933045871408
700,335.7611192349631
701,259.8632014869586
702,248.236760895075
703,455.6993953947653
704,1137.3007058626597
705,1935.8269079256715
706,2504.023263772051
707,2934.927722799047
708,2885.5800999447674
709,2569.942398675699
710,1576.8015316948186
711,1215.8606988900744
712,777.820292282748
713,513.6201028476761
714,350.700880641846
715,235.84184945613305
716,98.97891047976586
717,9.071794513354876
718,0.0
719,0.0
720,0.0
721,0.0
722,0.0
723,7.726881459154446
724,21.59685544196812
725,127.97904960193304
726,291.5379496264736
727,420.4519840525613
728,467.6216492007738
729,417.1006876855136
730,432.6966907682055
731,460.16812189527496
732,324.53415611717344
733,346.3110387314505
734,379.1347375634941
735,225.5933811423837
736,142.59248346216793
737,114.85404815500426
738,81.00539836967485
739,25.749508979433028
740,1.3427668532374677
741,0.0
742,0.0
743,0.0
744,2.683770433452092
745,3.7028509876332434
746,4.23358764420725
747,16.299900702755828
748,69.44541122324591
749,160.76435066441402
750,293.57823983631795
751,300.86490466187706
752,374.4405801450829
753,553.6048268795007
754,672.3951960050111
755,606.6215765679241
756,640.482189729724
757,464.93550935967664
758,552.8675640563581
759,402.3236987965059
760,307.5123176331674
761,184.5547583229033
762,50.0258215647712
763,10.079153974898333
764,8.871387643078279
765,8.578563112904924
766,6.416128792389384
767,4.258166764933792
768,5.637601522881776
769,12.7273398492522
770,14.474566531213371
771,57.82218372662005
772,150.29279908078124
773,327.36785197461813
774,493.137270881369
775,588.4181322252753
776,797.2256951711263
777,862.1325399027725
778,975.6934681553284
779,894.387513022522
780,856.762211196368
781,817.8539906528155
782,586.70275326942
783,381.317272645889
784,273.096138947698
785,166.3289162283403
786,84.27456264895007
787,19.796150489968355
788,2.701679938773129
789,2.307610232161616
790,2.8463573870065915
791,3.403180578863876
792,0.0
793,4.29179392356854
794,14.47613254379523
795,33.044764943677215
796,104.31770077324968
797,191.36032276830477
798,422.8152415399434
799,509.9390376651559
800,514.7027557757962
801,461.7327210077047
802,544.3650974043665
803,669.5490855935908
804,587.9836502721748
805,539.1430913484556
806,644.166225017048
807,486.3053503299464
808,290.4987506972052
809,175.784560358732
810,66.35374706664967
811,24.84175349065157
812,6.83857297956074
813,5.508305758222886
814,10.669906144237082
815,0.0
816,11.566245319618664
817,0.0
818,31.962575931577582
819,61.19737535983711
820,142.5474179186483
821,232.4478179510145
822,459.3524417620559
823,643.6085267366223
824,674.9160785013045
825,686.6832299480329
826,912.8487981211748
827,899.3399571127832
828,922.5798737961662
829,757.4909235252082
830,755.7150487732831
831,458.5290787752832
832,284.10468911833414
833,159.79427690619565
834,88.38795041330768
835,62.20187456804584
836,36.165297848472726
837,39.87855375376673
838,37.31167718525353
839,50.671724204285645
840,27.389506972333447
841,15.478152486818033
842,54.6016272547537
843,75.56997989980123
844,202.46028284747013
845,340.07354880617845
846,376.7018205414311
847,556.5831039914236
848,600.0522548534442
849,592.8485982820858
850,680.7835051596745
851,672.9979621655744
852,691.8285275126996
853,658.9013650303489
854,526.9994032115185
855,502.4196088221549
856,262.48231479215724
857,171.05504224860056
858,106.4301018814148
859,58.546402872154864
860,34.98892932039246
861,42.98172174601133
862,11.49799106030737
863,12.490336716238549
864,13.47115782088295
865,4.638614078144363
866,33.11499658730883
867,96.49814114929768
868,188.61062616080108
869,334.8605739213471
870,555.2227010821726
871,740.1407558304803
872,761.8054927548698
873,766.5475702732238
874,686.6269334588891
875,655.0451500761467
876,713.4860952815749
877,567.5246293253246
878,595.8119772826907
879,465.6301159299191
880,333.603951448068
881,183.50365124517785
882,100.98027467613292
883,45.1660216462806
884,37.437980671126354
885,95.96156620622884
886,68.50691523307232
887,37.66211523115843
888,17.28807988301185
889,9.790994202601365
890,21.96915586618828
891,32.97929549270359
892,41.65665148392561
893,19.37302624588162
894,59.29740661500307
895,94.16791781237887
896,138.45504379120766
897,197.86037569635155
898,250.02492354408005
899,339.5166539571513
900,409.66749699367807
901,487.54251009665455
902,308.52028795166655
903,372.0877405411232
904,217.83393923745396
905,114.00153637453003
906,45.79844953416038
907,27.28459257712465
908,24.16567863059858
909,24.63762358152462
910,23.17573629670278
911,14.441203121975246
912,12.22499632649158
913,6.690492597439332
914,25.081833748853583
915,46.89018070686881
916,67.17992929674679
917,200.5379175673201
918,240.87578105376392
919,308.28861520055057
920,327.0622033963872
921,384.7609800157375
922,474.98269579742896
923,528.1173658922183
924,593.2219476173908
925,649.4069017636019
926,453.266637708464
927,227.6675143506409
928,202.09795973932395
929,56.12361817568104
930,75.0779388572012
931,25.271428154898725
932,29.950167238286426
933,20.671528943744903
934,13.769356072601395
935,0.0
936,15.402859810912345
937,13.15356326699304
938,15.098203434441984
939,37.03608417188848
940,56.801219449278605
941,44.46019577862833
942,138.22679749548868
943,276.1557301193563
944,473.9897041293564
945,575.9149261142255
946,432.3822572105398
947,432.44031350281296
948,252.7666727618832
949,215.3352158690311
950,138.6553920436535
951,110.1865967470991
952,96.63426043915132
953,88.88864123471328
954,106.35114514697892
955,79.81720964499014
956,31.743894910139844
957,22.323705025917764
958,15.344302154803152
959,31.02733012749604
960,37.3545712308409
961,14.66923343955499
962,14.295969559642412
963,21.694895609781398
964,71.64528555790442
965,218.31612174799844
966,214.5690763008463
967,338.1597984986396
968,427.52190103104704
969,369.026928236969
970,361.6843150283049
971,399.9050957356197
972,549.606749905631
973,471.6611658195797
974,329.0177782407784
975,157.11645301714333
976,235.69312656994572
977,190.9012472687636
978,107.48564213433755
979,44.094193211613074
980,13.97430904660876
981,2.8259553279070504
982,4.498901400934576
983,6.428094429877679
984,21.082757382379928
985,1.164423891397357
986,34.98584009705342
987,40.72794253221126
988,66.25988987758934
989,187.81966491221493
990,205.14216474313992
991,231.54877505685909
992,363.1952649046588
993,343.88709265986773
994,412.363800056279
995,384.7937936543403
996,324.79191041752017
997,196.0737736862337
998,217.06887202274223
999,204.87303795499705
1000,149.1567526384743
1001,143.49857649459065
1002,59.94014575502589
1003,37.54198102591014
1004,34.27521656661853
1005,11.332485195191204
1006,18.496119523902905
1007,15.251399739805796
1008,6.598781895634143
1009,2.950679149780896
1010,24.51558726599321
1011,52.036066751397
1012,93.36531558926252
1013,161.4994449665466
1014,264.7770596172182
1015,301.5535579131223
1016,383.6256810033907
1017,584.1668577517735
1018,597.4260124975991
1019,478.57720257742017
1020,478.7195655362926
1021,390.3970297522221
1022,303.551639723145
1023,268.9471267431389
1024,224.27068599093712
1025,108.55108414583982
1026,67.84953507381199
1027,32.739831795588806
1028,4.19318582174912
1029,7.751250012111041
1030,4.815987073613974
1031,4.394116371577406
1032,6.532974913606497
1033,0.6857201261271983
1034,14.715164650635444
1035,67.42280851796521
1036,81.86049154437255
1037,242.8146499637795
1038,221.1425846816028
1039,258.6219276925415
1040,482.29232108355336
1041,561.1759373421194
1042,616.2089191448046
1043,635.9220353941827
1044,637.8616963365891
1045,397.98159911041125
1046,320.6543498391292
1047,105.57929030385786
1048,139.61643661608713
1049,80.87279561876936
1050,54.94606341713702
1051,26.459649355353815
1052,26.653000700564977
1053,18.319661973614256
1054,14.719199507364408
1055,13.301946887499948
1056,14.676354282763988
1057,11.320306366527175
1058,15.196553844597236
1059,42.551015335742754
1060,84.2715019050569
1061,144.97727213497902
1062,205.52083849861145
1063,195.8412922307969
1064,306.22709764891465
1065,399.7095290541649
1066,380.2474492016027
1067,446.951872817079
1068,447.3315613482072
1069,396.34632459012073
1070,296.6923304820157
1071,242.88499726537367
1072,195.5116195993212
1073,123.52415417082892
1074,67.29590603304382
1075,32.83974970876822
1076,22.04781454303793
1077,13.372709857614907
1078,10.015287689782706
1079,10.197408355848822
1080,8.488108404119881
1081,7.039648060428207
1082,8.229228257841555
1083,55.84607903775706
1084,98.88412859911372
1085,127.44691892834244
1086,211.1645005751444
1087,261.83182844178424
1088,452.6990027204988
1089,580.7772474927067
1090,569.957233831767
1091,663.9759878563952
1092,587.4305219187826
1093,390.78118335700935
1094,246.8978233377364
1095,267.49044194500453
1096,227.35951114349743
1097,166.22912216584717
1098,135.89368755946063
1099,36.00507248023301
1100,24.119018311418014
1101,9.223577143252296
1102,6.37581790183843
1103,4.311508028970672
1104,9.535901369593024
1105,5.375353337012935
1106,15.204495644138028
1107,31.9012269883442
1108,62.79535634403776
1109,124.07457034843536
1110,88.03475113578389
1111,172.42472315460404
1112,270.04084334774086
1113,322.1708543754907
1114,386.29126830482943
1115,386.8336546200429
1116,494.1729996749462
1117,453.2182252633845
1118,372.4141694139024
1119,279.56096433350945
1120,216.20054934871
1121,154.78629855807418
1122,140.30871429108703
1123,46.83966450133215
1124,10.410923511182144
1125,5.788689143833815
1126,2.133619471370981
1127,1.2419255984888329
1128,0.604578171075298
1129,0.0
1130,16.83819499322653
1131,67.85883339431292
1132,179.17806599217363
1133,448.1031962464628
1134,673.4682131020397
1135,874.2280890223726
1136,1028.813746215474
1137,1033.882749749286
1138,1002.5374309366224
1139,992.1163029142482
1140,924.1288944176616
1141,943.2168297796588
1142,750.5896535888046
1143,593.817924470192
1144,414.5011936376925
1145,253.05438094613268
1146,163.61680425173833
1147,82.6524629552197
1148,35.20900120600105
1149,14.455813731667837
1150,21.638359593587364
1151,13.687804836417868
1152,27.41011119792113
1153,28.726237244098375
1154,41.7989946650468
1155,101.00121953369184
1156,146.03701943521074
1157,384.16793744581713
1158,433.23115674870274
1159,568.3865158270785
1160,640.8862970600818
1161,846.6715863785786
1162,831.5098940003717
1163,655.2995922710129
1164,335.4020924731211
1165,384.2288063283103
1166,347.1727406150312
1167,421.555226681984
1168,269.5187355552861
1169,194.87348958049148
1170,120.45459247722064
1171,82.79642101779027
1172,50.2169160023061
1173,48.35741751175313
1174,44.18155939301425
1175,43.11511047172275
1176,37.20689820934186
1177,62.0872548361464
1178,55.75309749593527
1179,113.9134847717664
1180,162.12203587669194
1181,307.33336950978094
1182,329.9992279610974
1183,545.042390501607
1184,636.7215223079802
1185,669.1506675721088
1186,700.9255993099905
1187,926.8310594394136
1188,888.8856640023685
1189,751.274397428001
1190,492.4297908528822
1191,484.2650462273294
1192,481.0690031006599
1193,237.38926917453412
1194,129.45304132250038
1195,88.6792450541464
1196,47.97745630897722
1197,58.36810361650643
1198,42.042447944891606
1199,46.28553936338693
1200,82.08021708917424
1201,74.05018483556515
1202,50.97711323921288
1203,121.68319657169658
1204,199.52355023913225
1205,360.7134784371044
1206,543.8034009901897
1207,743.6917187470107
1208,858.4612501005214
1209,893.2250777905671
1210,901.4525483960105
1211,874.0946568526123
1212,825.2774888093008
1213,761.7125992755088
1214,619.7941805904194
1215,583.634234983453
1216,436.625011722429
1217,288.05897888084087
1218,111.09878409267964
1219,58.759616952254746
1220,16.334727822462483
1221,32.09998175495138
1222,33.12019146718059
1223,49.1660496539845
1224,34.80176652411906
1225,41.31921722042765
1226,63.31963127856274
1227,116.06679286761988
1228,212.72893344884665
1229,255.2610444998085
1230,354.0276803003437
1231,561.6500040199753
1232,662.5857819224881
1233,805.3994132779773
1234,920.8981113589216
1235,839.9784976629159
1236,520.7278270957806
1237,644.7519896867922
1238,382.00592233619886
1239,334.0204274417414
1240,303.8366848329432
1241,194.35438549399345
1242,145.3418383988691
1243,69.92163005613155
1244,14.017323632760952
1245,0.0
1246,0.0
1247,3.0729078101835823
1248,21.90946878997744
1249,12.178966644039022
1250,28.01197514696805
1251,36.57325793065781
1252,112.03970631798391
1253,182.4221511295829
1254,201.996649111324
1255,243.27303881374036
1256,245.32619586766177
1257,214.93453375666795
1258,326.9253919698404
1259,556.5736614670235
1260,598.2881713657297
1261,623.1141775429126
1262,576.9829038804882
1263,396.4118946483413
1264,347.6848492659697
1265,265.0871203361198
1266,149.6266379703388
1267,98.93322231993808
1268,60.09986785309936
1269,118.96923939400028
1270,97.6996899608582
1271,97.10294853379136
1272,17.492857414594646
1273,36.88676643655065
1274,63.24007874290923
1275,57.61538502367248
1276,43.45187470326348
1277,85.13909624888798
1278,103.35117365695557
1279,236.1948882390693
1280,212.13829903398147
1281,289.9223081633177
1282,317.7045065809989
1283,221.27170460396917
1284,214.43421711776617
1285,261.4692768929136
1286,446.0725336876906
1287,408.0096676162967
1288,289.24543282141934
1289,201.87168014540893
1290,99.73802329270084
1291,42.868487978031794
1292,4.729266476163155
1293,0.0
1294,0.0
1295,1.5298038226652038
1296,53.45160201217107
1297,51.00578817810996
1298,72.65707448819296
1299,113.25458777466046
1300,193.44471764175287
1301,341.29572015873924
1302,484.11100390296593
1303,629.3520636619505
1304,599.4493116815755
1305,654.6661358488775
1306,868.8356471351987
1307,814.7370214347742
1308,721.7247266680446
1309,715.7770784942287
1310,624.050020074796
1311,366.5977627449271
1312,255.26263498946824
1313,235.05461394436315
1314,87.00752803753618
1315,45.83271278955164
1316,39.33711257318462
1317,96.57845249868444
1318,91.84696837384963
1319,89.33793505610579
1320,25.045740481845133
1321,19.604679167310508
1322,65.88235040140545
1323,75.19635922043648
1324,190.01690626162417
1325,320.1663879275011
1326,396.6684712339919
1327,457.7235320254528
1328,665.8920155930005
1329,679.2382482009427
1330,897.6228122183367
1331,808.5836676707179
1332,837.991412680088
1333,743.5909612679335
1334,560.661216724019
1335,394.3427103635785
1336,328.7699633010501
1337,221.69573798756133
1338,163.47995543743832
1339,124.93771571609967
1340,57.66317172274652
1341,66.9588905230903
1342,70.35710727718714
1343,77.84693118869808
1344,94.29738689451187
1345,67.29874199568881
1346,89.73819147968632
1347,120.61308725323047
1348,137.8471810568048
1349,160.9764344074802
1350,143.25506468435776
1351,235.29840595163276
1352,263.0560785529168
1353,270.9298570124247
1354,428.4993947733888
1355,371.4842744401054
1356,391.5128431779654
1357,296.191929998968
1358,255.43017374601428
1359,230.9610573209691
1360,120.08518760552272
1361,130.65414606011328
1362,45.890822299207706
1363,41.31138514517995
1364,18.597004977026067
1365,11.401255665147213
1366,16.63285887128728
1367,25.30039620196347
1368,18.824559333260176
1369,41.19941633540569
1370,21.493712499474945
1371,45.48697957105352
1372,27.371328687962748
1373,48.63989890412432
1374,110.16568215348148
1375,160.625071765973
1376,143.654397623382
1377,138.71985808757063
1378,117.88999062176823
1379,183.4668999655713
1380,269.35105320590446
1381,293.497299915168
1382,219.286802893403
1383,229.29758000768305
1384,196.98930694309507
1385,162.80446078812162
1386,89.80295652324723
1387,42.435351000699
1388,27.22103307076685
1389,13.300228856531614
1390,11.32764925541337
1391,5.031595370786795
1392,69.42117880449743
1393,23.32882686741477
1394,64.31368476889672
1395,91.0357988655998
1396,154.21981147691943
1397,187.95072591573177
1398,308.4081051460933
1399,290.5757735825074
1400,298.02593877819555
1401,657.991634211364
1402,650.4881513721356
1403,571.2490771333141
1404,519.6745157250757
1405,537.1031340118236
1406,442.1914016693956
1407,121.21376678088969
1408,119.10007179154525
1409,191.4563780956126
1410,130.2387595281804
1411,91.34118917787048
1412,36.21028480298806
1413,71.92450844010976
1414,74.53275253945277
1415,80.85930503021805
1416,88.57040368849754
1417,64.90764521730833
1418,51.70677206253168
1419,93.79670247151756
1420,78.87757895259936
1421,70.16987420298723
1422,81.4192641331359
1423,217.5784680927846
1424,165.52142158002906
1425,157.13714769744902
1426,258.5433914100756
1427,242.0671332840911
1428,514.4136251334012
1429,293.541951926307
1430,327.30638913284304
1431,334.29201915220875
1432,222.44071684537585
1433,125.910473185439
1434,59.927842741350304
1435,47.74021556025193
1436,15.23780546369079
1437,12.299671883519997
1438,0.0
1439,0.0
1440,0.0
1441,0.0
1442,0.0
1443,3.7908832991400345
1444,26.340548432292824
1445,103.4901682067329
1446,254.23548589307717
1447,317.5090170828475
1448,375.2046099371263
1449,363.64348265257655
1450,383.68207649100816
1451,474.3694444067399
1452,278.7571199522731
1453,285.9728870540462
1454,334.7281725047665
1455,264.74884601093885
1456,142.96741662529251
1457,127.10917438612724
1458,51.055801880580425
1459,3.2734032819144305
1460,0.0
1461,0.0
1462,0.0
1463,0.0
1464,0.0
1465,0.0
1466,0.0
1467,24.762933335846256
1468,52.06040876213942
1469,118.75153210759834
1470,204.653787404283
1471,273.05390489905034
1472,435.6816442110165
1473,530.708316423394
1474,675.3990587797816
1475,583.7192094617237
1476,646.440887426682
1477,585.9572386186744
1478,596.2972739168613
1479,451.79102836906605
1480,306.9989272510951
1481,176.7042795348731
1482,48.64478928936716
1483,13.5187319423776
1484,1.8663853806807564
1485,2.9229521271244447
1486,0.0
1487,0.0
1488,0.0
1489,0.0
1490,0.0
1491,35.03481618843972
1492,126.84726446278766
1493,243.0122038241317
1494,416.0287943690331
1495,601.0761090445245
1496,820.9304786036795
1497,958.6992610314192
1498,910.2501133281772
1499,846.9384484159781
1500,837.6484582992357
1501,772.4250598656863
1502,575.6376419769233
1503,416.3761087767647
1504,203.06623619274396
1505,118.28095493305528
1506,70.72717629572989
1507,7.977963232159815
1508,0.0
1509,0.0
1510,0.0
1511,0.0
1512,0.0
1513,0.0
1514,0.5527833859501698
1515,18.728872619659345
1516,77.16462495611074
1517,132.428604599353
1518,346.78844606947325
1519,538.5805999681704
1520,571.332219368055
1521,482.2403738060282
1522,612.968471741284
1523,644.7025144233755
1524,631.7106661955062
1525,407.8609749011469
1526,511.07616744308274
1527,410.9058042149477
1528,309.2271787163285
1529,135.75105524891492
1530,48.73752430257407
1531,9.053758926885369
1532,0.0
1533,0.0
1534,0.0
1535,0.0
1536,0.0
1537,0.0
1538,11.607199892051767
1539,42.973122967694565
1540,78.615114199345
1541,117.7530982537838
1542,407.9931134009584
1543,549.6043272419695
1544,615.2676625007484
1545,668.4640218140148
1546,887.9258888905895
1547,906.4426531499508
1548,795.8278144281834
1549,681.1822495842363
1550,741.3659264504943
1551,478.0827694546656
1552,212.34027622139945
1553,162.59162126291292
1554,72.43500773774807
1555,27.977013209671163
1556,1.5284108076910332
1557,0.0
1558,0.0
1559,0.0
1560,0.0
1561,1.7220311074428434
1562,13.428119534701818
1563,36.19775422301077
1564,110.57453886699992
1565,284.64344294997176
1566,324.1957687373749
1567,484.2056135144143
1568,562.120879103257
1569,597.5207432277273
1570,700.0941658757977
1571,649.8698051817474
1572,688.1133197247137
1573,596.3293053346564
1574,530.0573817018864
1575,488.4081877617674
1576,256.5888158964321
1577,173.6040221181813
1578,102.34206940814308
1579,33.97465964767343
1580,2.099925960923022
1581,0.0
1582,0.0
1583,0.0
1584,0.0
1585,0.0
1586,9.683032572377565
1587,44.950695511913565
1588,107.52522506815365
1589,289.7851533643904
1590,400.3369130757978
1591,634.6747026331275
1592,883.4946092020602
1593,707.6235626156555
1594,755.9673769928033
1595,678.4035040539233
1596,666.919270596626
1597,576.6967211746319
1598,580.179144572164
1599,422.6771599736072
1600,274.1563704640599
1601,208.09441700255277
1602,81.21392317069636
1603,24.945413721602225
1604,3.4896559606933266
1605,5.0627180259121
1606,0.0
1607,0.0
1608,2.6926757134008703
1609,1.7646762056815684
1610,7.244938076535551
1611,23.290887848650076
1612,29.082906620227035
1613,13.389396764877848
1614,56.85350044204695
1615,107.67018081444472
1616,144.7942571362349
1617,187.489616574788
1618,189.50683015453785
1619,350.48273257589125
1620,437.7610759047462
1621,524.0820595354459
1622,380.6942031082637
1623,350.5401521348227
1624,242.44014519662105
1625,72.77420142044328
1626,57.78100020174717
1627,27.203400505011427
1628,5.72629459473113
1629,1.1723798998931088
1630,0.8631209509779159
1631,0.0
1632,0.0
1633,0.0
1634,16.122749965472718
1635,41.735708281370165
1636,61.25612927928462
1637,201.44890235015296
1638,306.8230987864172
1639,388.0775147736362
1640,457.3000119992653
1641,480.84041259827
1642,463.673300521096
1643,506.24745242187646
1644,568.5519265739144
1645,664.2008728346296
1646,399.88666268989215
1647,82.71533465559585
1648,144.1443446915958
1649,69.31830500843084
1650,61.097960926211954
1651,18.550516023756984
1652,3.174826631090675
1653,0.0
1654,0.0
1655,0.0
1656,0.0
1657,0.0
1658,9.452741416739324
1659,18.048774958668616
1660,48.35455175751153
1661,36.80685052249381
1662,121.94352990781957
1663,210.97810125519
1664,445.32184475728536
1665,524.4384948082858
1666,402.602397607433
1667,454.5696160886207
1668,314.5905898869115
1669,253.18864481648737
1670,176.82321430639837
1671,57.84139732795341
1672,110.71160765359012
1673,76.46575617326529
1674,57.066122814509455
1675,21.79562996372533
1676,1.491667708237154
1677,0.0
1678,0.0
1679,0.0
1680,0.0
1681,0.0
1682,0.0
1683,26.539750174855897
1684,51.47383923743296
1685,119.28486771726564
1686,222.10870995813715
1687,375.6198901716315
1688,468.977977802716
1689,313.55741429725776
1690,373.57731853146686
1691,430.3994749747811
1692,612.9847799461699
1693,497.24827981978507
1694,444.0572823897892
1695,359.51302065040665
1696,270.77294015865505
1697,205.3772586895174
1698,139.82751733269075
1699,36.31769465625933
1700,13.59058966249552
1701,0.0
1702,0.0
1703,0.0
1704,5.057112065279525
1705,0.0
1706,8.056307195789469
1707,27.816685166344637
1708,87.99843920128477
1709,221.6640206078184
1710,180.2846640427796
1711,265.988619913162
1712,337.6869169496861
1713,313.20572940598976
1714,404.97035215682746
1715,422.6255222452512
1716,353.4078391788989
1717,206.10800587084807
1718,235.00351421148503
1719,237.31131856663143
1720,145.75515876987495
1721,105.94192909078046
1722,52.65856119411394
1723,33.36342899281222
1724,2.838251846278053
1725,0.0
1726,0.0
1727,0.0
1728,0.0
1729,0.0
1730,11.089894624524728
1731,40.31964471454678
1732,69.7403951780879
1733,117.34735194785102
1734,194.4146560770564
1735,249.9665403304107
1736,392.0021008034492
1737,538.3298300839657
1738,601.195894532232
1739,436.7094878496026
1740,553.2648158431579
1741,392.9817988361855
1742,372.6724262402343
1743,310.8432345613426
1744,225.70548717236025
1745,152.2104204765869
1746,65.73960474432279
1747,39.20728991192432
1748,6.787916647266592
1749,2.8443097131092845
1750,0.0
1751,0.0
1752,0.0
1753,0.0
1754,9.195500411131398
1755,49.42544132789829
1756,93.45326004098246
1757,185.9740031902617
1758,261.73850592613394
1759,269.47293629196577
1760,466.5490079474944
1761,607.7127567029629
1762,639.4513253343283
1763,645.5305822032618
1764,588.2294946915097
1765,441.4260751145604
1766,370.56425963213576
1767,124.4994278082102
1768,160.27918103720307
1769,85.66311260426734
1770,53.46377505880633
1771,13.684468125858444
1772,5.121381159703758
1773,10.597649808459142
1774,0.2842760308707874
1775,0.0406899312718818
1776,3.486643166138231
1777,4.130135523623841
1778,4.528083837899278
1779,20.333108572064187
1780,59.58670722971618
1781,80.87969208450849
1782,153.66118195894015
1783,210.15702428643644
1784,319.0518835827376
1785,431.1318157533345
1786,399.53808664716576
1787,396.2864279478328
1788,357.7530671724134
1789,349.5618895987429
1790,283.94879421177103
1791,253.26664536323963
1792,170.53637634491045
1793,138.06693681606794
1794,62.74103055098151
1795,28.6797187174719
1796,6.0440467763692185
1797,7.106271524329595
1798,7.229967259707455
1799,0.1356936337574108
1800,1.314746396596325
1801,5.387989006463514
1802,4.172753681435761
1803,39.25286156648247
1804,45.784988743008086
1805,83.88000285310915
1806,158.6587346063849
1807,251.9906350455747
1808,398.5962660599657
1809,548.2736800396063
1810,596.1503010770656
1811,679.7005504066602
1812,592.3367376935162
1813,386.6312237185515
1814,269.40792785543096
1815,255.50996675439032
1816,220.8162104738912
1817,136.5558839895068
1818,108.45401210665024
1819,36.1268607407761
1820,4.703756014036859
1821,0.8294231986422709
1822,0.0
1823,0.0
1824,0.0
1825,0.0
1826,8.230052174391709
1827,23.78541999249511
1828,72.45578198158499
1829,103.39253850279822
1830,93.87696627612716
1831,203.31465897347977
1832,259.4709957232494
1833,312.5299855090722
1834,344.5191119884615
1835,347.65870765039585
1836,456.17149199515086
1837,348.1501952339077
1838,354.45457087858745
1839,252.6088240707797
1840,168.87863693468157
1841,121.30459450969568
1842,99.93663264719062
1843,26.57617845572198
1844,17.323769385687278
1845,0.0
1846,0.0
1847,0.0
1848,0.0
1849,0.0
1850,14.212374148190232
1851,47.20243353457343
1852,149.25463995928865
1853,341.0095817703993
1854,585.3557781133734
1855,677.2061062768244
1856,918.9256434898584
1857,989.3929252740936
1858,872.6126229865441
1859,914.8150648406206
1860,909.6105534929522
1861,895.6573323341737
1862,760.3124399022447
1863,511.9044683029354
1864,411.1974640803162
1865,232.9506187449043
1866,123.71978899907948
1867,45.95982019491874
1868,5.135490030141166
1869,0.0
1870,0.0
1871,0.0
1872,0.0
1873,0.0
1874,20.857067911138085
1875,59.298935721359285
1876,81.33090550985766
1877,271.58350521800986
1878,341.08641650535736
1879,517.2733415686117
1880,541.3865147712434
1881,799.5546076098747
1882,781.9004031992208
1883,618.6214080417175
1884,303.7186298533686
1885,485.4141131183338
1886,328.35849579633134
1887,368.4033964361997
1888,268.7523782070239
1889,161.25098662755718
1890,91.37288123658185
1891,52.51504221290834
1892,13.257190487508584
1893,0.0
1894,0.0
1895,0.0
1896,0.0
1897,0.0
1898,0.0
1899,50.15747361432901
1900,91.20310204737032
1901,267.7130399616773
1902,314.50609601812334
1903,610.3886272005195
1904,619.8184147613349
1905,561.8954644648684
1906,779.3697066333233
1907,774.4193642143721
1908,884.4064572788901
1909,732.0077310347881
1910,620.7374967574143
1911,542.730004148797
1912,343.50144415650567
1913,272.43429571966755
1914,136.1653172682205
1915,57.762664217901495
1916,16.357377213555356
1917,0.0
1918,0.0
1919,0.0
1920,0.6912927717435515
1921,11.0325589231057
1922,11.431700501093356
1923,79.55851176359175
1924,116.93881754166532
1925,289.18342034993003
1926,476.8452604761209
1927,724.6534815623593
1928,788.9610466539425
1929,863.9416930949506
1930,985.2530238710308
1931,930.2018485469288
1932,916.2669065490612
1933,882.1159538057477
1934,721.1482364749239
1935,540.2509530601972
1936,411.044491650412
1937,253.03241219830664
1938,117.35867392736871
1939,47.32071937488713
1940,24.55224788932581
1941,0.0
1942,0.0
1943,0.0
1944,0.0
1945,0.0
1946,18.07363713516601
1947,61.11737476169475
1948,150.97771067943668
1949,203.00493180861653
1950,345.04660947752205
1951,571.2987650816531
1952,618.369074518579
1953,851.9088451952468
1954,938.9594885328892
1955,751.5801945786991
1956,558.3832575157073
1957,669.5280736471051
1958,470.97703235399695
1959,320.55674656898555
1960,231.9599357932153
1961,164.83141811274314
1962,109.26150300386723
1963,42.83604256111988
1964,10.315296473384691
1965,0.0
1966,0.0
1967,0.0
1968,0.0
1969,0.0
1970,0.0
1971,16.22996769636931
1972,63.36267621946647
1973,116.4413381492817
1974,156.39913345910733
1975,255.43496701637775
1976,211.32756525662663
1977,175.87014562006718
1978,320.5964876188463
1979,491.8326953683
1980,581.9732671683588
1981,537.9427373056536
1982,682.6200495593288
1983,420.5629854202616
1984,286.0062954649624
1985,214.60786010498748
1986,121.27552593663322
1987,54.72043207679
1988,35.76156701716715
1989,17.015709097671557
1990,11.192524635115944
1991,0.0
1992,0.0
1993,0.0
1994,11.241994096410608
1995,9.702075224746569
1996,13.60822649300414
1997,61.07419187939357
1998,71.08499966623891
1999,176.68677987566932
2000,325.1391037395369
2001,333.9944620087768
2002,283.25391976285346
2003,334.1421527120771
2004,275.3575175416138
2005,408.5018943264197
2006,509.66475711571
2007,474.86377782027233
2008,288.68745597104424
2009,164.77665250844564
2010,97.51718703892588
2011,30.25189498574977
2012,2.4698031536923324
2013,0.0
2014,0.0
2015,0.0
2016,0.6801259731919487
2017,5.746351178016442
2018,31.129950698568827
2019,76.82575036898477
2020,113.33960606180686
2021,301.6249290217964
2022,427.2704453982772
2023,602.8925843991568
2024,724.0810078886377
2025,797.0876897013833
2026,923.3837334815414
2027,899.2815764441636
2028,790.2412357506561
2029,732.3632619958986
2030,602.3671783820898
2031,425.9918824748553
2032,315.3166293592022
2033,223.92230069600333
2034,70.22471546749523
2035,1.922137152420448
2036,13.419411607029922
2037,0.0
2038,3.720819737503658
2039,0.0
2040,0.0
2041,0.0
2042,10.007872983527882
2043,32.41338240292784
2044,96.34270868223965
2045,215.2228963361072
2046,382.2431013476384
2047,597.4859007679394
2048,842.8184782265007
2049,723.5792350398332
2050,810.7444017274822
2051,906.6890919443564
2052,824.8792112946264
2053,760.0912910522702
2054,525.3631116217189
2055,379.8630974107912
2056,277.5749226776136
2057,206.35868916624077
2058,145.45169590574795
2059,72.97820186529195
2060,20.7558669952171
2061,7.242378355033321
2062,1.2885518488666683
2063,5.277657106449438
2064,3.672360670021221
2065,4.087387314831996
2066,28.54098227091262
2067,73.7655033845294
2068,102.0972786110178
2069,108.78076817652492
2070,151.95416713956098
2071,261.47670734344143
2072,235.9756335285804
2073,325.56415640688493
2074,428.3240197552379
2075,353.5834537355638
2076,341.51187608999544
2077,302.5098126248407
2078,211.5440987603559
2079,237.54067988136944
2080,105.41511361513476
2081,105.57770122362356
2082,21.632650219495883
2083,24.362438301393837
2084,0.0
2085,0.0
2086,0.0
2087,0.0
2088,0.0
2089,0.0
2090,0.0
2091,4.847001523384956
2092,2.386125936680817
2093,39.73944528092351
2094,94.56128127144864
2095,172.91507070958733
2096,155.02471516867303
2097,114.1177139095587
2098,107.5052480263165
2099,231.55980822731271
2100,248.74157975507637
2101,280.6139342639795
2102,230.99524285426327
2103,246.05983645127247
2104,197.9445607738765
2105,161.65123492629667
2106,85.71960314314937
2107,32.666078908009005
2108,2.590958624724093
2109,0.0
2110,0.0
2111,0.0
2112,1.169895558428539
2113,0.0
2114,19.75745822238739
2115,57.08708802216737
2116,127.34201350275856
2117,124.5899303478841
2118,150.12628956747122
2119,337.40866778521473
2120,374.5533364500843
2121,497.3063044620388
2122,684.6754738958348
2123,526.5822502264011
2124,422.0874667140083
2125,704.6516929369302
2126,499.1208606145311
2127,196.59967639128675
2128,135.6494154910863
2129,157.38599795849058
2130,118.2890278482568
2131,43.95223670514099
2132,15.812345581030076
2133,0.0
2134,0.0
2135,0.965176134718842
2136,0.0
2137,3.301082710788573
2138,10.524724951521428
2139,44.315694749586775
2140,58.29865042499209
2141,49.17448510736848
2142,46.33461872496302
2143,162.46204774120284
2144,217.5925009437572
2145,76.80936789682633
2146,215.16981714580515
2147,333.59067826808325
2148,328.9605072200451
2149,248.92448394416795
2150,300.58858950182673
2151,218.715714006106
2152,193.98541631171688
2153,128.55521985022247
2154,52.811106588675166
2155,47.01522941884735
2156,1.7265681806299131
2157,0.0
2158,0.0
2159,0.0
