,pv_prediction
0,16.829299246791606
1,43.38756254864097
2,44.33007696819664
3,40.52341536236168
4,191.63867059898732
5,522.1567971761262
6,1171.454197144035
7,2078.4047655220065
8,3039.167465036634
9,2669.489886110548
10,2976.657655035976
11,3427.8344891424213
12,2832.5169075186286
13,2649.8344017322097
14,2576.820287531141
15,1734.7470215017831
16,1237.1954452748334
17,601.65745848966
18,321.2353294844663
19,58.09538010311485
20,44.9498374815023
21,34.93781593990684
22,44.41310957622886
23,41.21605662060142
24,53.51693609905601
25,42.4203660841024
26,51.9289691801107
27,56.15638664913536
28,367.1755314822233
29,880.6823062653577
30,1563.269869392637
31,2048.160080915216
32,3390.497102087262
33,3975.054012602094
34,4060.197634046796
35,3928.232819801096
36,3494.460688924316
37,3325.5094188208614
38,3281.4387119765315
39,2844.588920092109
40,2059.434138482336
41,963.1300150508916
42,583.7875963802373
43,226.41654179048896
44,16.092945372585064
45,31.429931437495952
46,12.447344100002056
47,14.13039807033897
48,39.42340925884605
49,56.95947352600456
50,54.014987027171856
51,140.20411828709007
52,346.2400809879339
53,871.6434043402708
54,1902.6571050341165
55,2728.898797487739
56,3638.278429334882
57,4478.043587034467
58,4740.49112731767
59,4462.877712553266
60,3910.4539997632537
61,3498.739929502729
62,3005.713461732391
63,2215.808512603763
64,1461.572877680782
65,867.7945118899381
66,463.1228114719426
67,218.3699430580175
68,23.23148659420372
69,12.651024138454204
70,10.972155844691995
71,12.32372788143516
72,33.017898356441265
73,33.017898356441265
74,36.349303042415386
75,64.35372570705772
76,268.0754094476736
77,581.2268702740705
78,1926.712561791662
79,2691.630909180168
80,3534.302291219953
81,3443.0482562239204
82,3302.2893803770576
83,3170.8175377304588
84,3445.105955934051
85,2486.614495580915
86,2746.196802949432
87,2747.247108703378
88,2116.560676759008
89,973.5821568126714
90,478.3837119693792
91,192.45192263079048
92,22.480149542812114
93,17.535418784145122
94,17.535418784145122
95,25.04388836574913
96,59.106113707546
97,37.41751745891929
98,36.102747714046245
99,112.4229226465261
100,330.68760589313865
101,800.8209825212991
102,1568.6088912541902
103,3219.430256491426
104,3984.533605879072
105,4340.426599806074
106,4468.114796465162
107,4641.645016973737
108,4582.419148867849
109,4204.849560087446
110,3683.615886544708
111,3214.056236719612
112,2208.101160829786
113,1220.6549112553632
114,506.6286964769399
115,243.3696034307516
116,77.178041731838
117,22.00094917965293
118,29.617968832973247
119,30.760223662379985
120,37.82196406078697
121,26.393014704707863
122,28.834744250301128
123,115.96163681698204
124,463.116490101341
125,904.6160606498754
126,2091.697781568292
127,3032.8715456481013
128,4057.5569437201057
129,3461.8902681524787
130,3378.851609682564
131,3225.1509207243957
132,3151.0149969811478
133,3215.743943994764
134,3592.275752996925
135,2851.244258230451
136,1971.6640175039804
137,810.6186366434133
138,405.5896383876837
139,248.67033312273384
140,58.01056984615684
141,35.482184683803325
142,32.51417187404991
143,49.7603900785482
144,25.8313334341085
145,43.56396607113243
146,42.514864718440776
147,163.23128161383033
148,477.61310852122665
149,984.8588537330664
150,2235.738701319221
151,3210.950805997375
152,3935.33560735536
153,4314.980073278669
154,3887.9970114882026
155,2805.0292642767463
156,3954.602776354078
157,3670.336055254463
158,3659.843011354927
159,2774.839868729833
160,1570.468218987707
161,1000.5168996210134
162,481.7551733906305
163,245.14636436653493
164,41.0375330801046
165,32.5818536634481
166,36.51800612163902
167,40.771021639827495
168,34.67162588787437
169,28.027169978145366
170,31.31166914654136
171,62.542779242519146
172,138.9611194486654
173,245.6671551222837
174,373.8993495459592
175,545.5564072485006
176,721.9102458710706
177,811.6435122246778
178,1006.7313552851712
179,962.9362782592808
180,1285.6300774569547
181,1899.68295819116
182,2237.4863137359653
183,1677.8121099526918
184,1339.3471396322286
185,523.4490471835172
186,261.81465510082603
187,162.7505936975515
188,44.21084455204368
189,12.810053145412212
190,14.002596175197368
191,13.593538558009868
192,25.281080042842632
193,25.281080042842632
194,23.06988767338157
195,109.18286899280906
196,276.5477519984281
197,623.2365653867757
198,963.9686723704374
199,1488.9088955576456
200,2201.8766316826377
201,1825.5981738026176
202,1398.4987339432275
203,2255.3647418077026
204,2354.1708394045863
205,2518.992941951278
206,2176.7217529470954
207,1654.189689105276
208,1064.2265724892652
209,683.5274218077695
210,234.9517650361097
211,100.76588610363363
212,28.822675978664165
213,33.524368083003765
214,21.77864483547569
215,25.04388836574913
216,33.017898356441265
217,26.678760802272564
218,21.972861563686138
219,94.49547556591392
220,186.7569947595632
221,313.0474058742559
222,555.4480896945036
223,954.0656119937933
224,1866.4178546125925
225,2467.697185939077
226,2512.244930690053
227,2036.301157301191
228,1614.554889386419
229,1155.2217873091734
230,934.8116251583136
231,737.1569467539823
232,533.3620168323553
233,440.48792800856
234,219.08933893394828
235,146.09169176769615
236,25.61451843929649
237,31.230281626704937
238,14.942388808254009
239,31.230281626704937
240,18.7181218023336
241,49.83578184795738
242,24.40915325832725
243,77.12861326885582
244,190.33519140434623
245,509.65177661729217
246,1026.1597092206514
247,1675.940155213598
248,1889.7976205999887
249,1762.020395582441
250,1761.2119567151103
251,2312.186225866798
252,2706.307929938558
253,2726.0079837794337
254,2653.635127520088
255,2060.1846662218604
256,1416.7656157965696
257,633.5204159970319
258,518.4475070889032
259,281.47494701099754
260,121.40794316482902
261,30.487417017940288
262,22.854287421230083
263,12.610403334621196
264,36.06594542217613
265,23.11175802898765
266,29.693271910671
267,97.65485218716026
268,251.2418742532766
269,714.9435527677572
270,771.3397424871957
271,1306.7692499811683
272,1062.3453468735254
273,1991.938900297407
274,1761.4854391272104
275,1894.8458176310096
276,1972.5163125450647
277,1256.1380444223917
278,1485.3395644183197
279,1438.706288372997
280,951.8755651469266
281,538.4428383464849
282,194.18940058899284
283,88.7239263410604
284,28.081210410121685
285,35.89582041454673
286,34.30785349560142
287,33.56498888683677
288,23.626946722987896
289,42.60953406048179
290,62.03964618397117
291,212.12709883404136
292,266.287072753433
293,767.597046112541
294,1250.3199178333318
295,1655.879121249441
296,1191.1139900143182
297,1865.807201480392
298,2648.197161530975
299,2363.655936812881
300,2036.724575048212
301,1834.8171557838955
302,2141.432112997297
303,1521.8349559659994
304,1172.6747486348188
305,943.277052258972
306,420.4961714501417
307,190.52519384575248
308,71.6064536924398
309,30.47393873882652
310,32.0753839368856
311,33.017898356441265
312,25.280283247951274
313,25.280283247951274
314,46.88335469913841
315,116.18265036297204
316,400.0659360642469
317,866.9455248470342
318,1275.1661148424184
319,1790.3814149553812
320,2066.637717341903
321,2716.0038789267574
322,2760.3239057714973
323,3501.0124619658027
324,2453.5043761189017
325,1709.873111491922
326,1109.723814254526
327,972.5635393614804
328,904.5785193200148
329,614.772003060106
330,255.88449475717903
331,137.56371573162437
332,57.26005390835167
333,20.83543900204063
334,41.41947153759361
335,35.11233500194908
336,41.41947153759361
337,39.818026339534526
338,27.42205361080528
339,76.90962437343956
340,167.77469185543418
341,374.00510106039405
342,692.0272873396909
343,718.8046070094144
344,1001.738967811588
345,1507.356991087917
346,1487.8484502787626
347,1582.4330737049615
348,1612.9651959593332
349,1432.414986645702
350,1312.138855731014
351,1211.3415195102727
352,1082.032894348625
353,697.1628601307905
354,309.0050585026777
355,200.3730872030294
356,68.2224991674459
357,35.11233500194908
358,35.11233500194908
359,35.11233500194908
360,40.67660692882896
361,40.67660692882896
362,27.437873160365825
363,113.0546205396688
364,294.94670138311744
365,476.5851852054632
366,702.7077619786298
367,777.9550941343343
368,984.1109468693768
369,1589.864914959196
370,1340.433651870016
371,1510.7525585348642
372,2385.146912848476
373,2531.496097093347
374,1192.1431539113555
375,1076.3879632706678
376,1121.049064492706
377,986.5002125258482
378,480.4815960283315
379,170.50127056789756
380,44.549227988246685
381,39.831504618648296
382,32.78150347423912
383,33.524368083003765
384,35.11233500194908
385,41.41947153759361
386,26.640616690639263
387,87.7877133245504
388,199.7461955900228
389,363.9942929501569
390,445.59759402823806
391,806.9472945685422
392,1037.307779228214
393,1487.6320639009512
394,1290.7887430543935
395,1165.220051025871
396,1366.8942181522882
397,2298.009634381059
398,1779.8685967083013
399,992.30801567984
400,835.6364235038793
401,898.309067224983
402,530.5845392103231
403,260.8556582088506
404,141.12245491695762
405,26.174984251979595
406,11.715020453456646
407,38.64521340084434
408,18.963998114589455
409,38.388087069515
410,92.66498044681909
411,299.34899494600654
412,606.1235782260931
413,1514.1934769804514
414,2741.44295865846
415,3364.922232007507
416,4499.030822103742
417,4894.150926059011
418,5002.230828827146
419,4929.265029376272
420,4785.585261767629
421,4223.901783293012
422,3796.558955049041
423,3270.2512396330867
424,2544.1664664204154
425,1695.4434450323618
426,937.2596169467008
427,375.5904192681349
428,205.16425279331563
429,28.112425124171978
430,17.045851981166606
431,14.380271231654888
432,40.03890017223716
433,40.03890017223716
434,61.38193253231407
435,257.42523190927864
436,553.2875422294176
437,1338.292018508438
438,1799.1235581095254
439,2976.101159071449
440,3132.107060884956
441,3784.7432134802375
442,3922.774518793348
443,3375.6411565299068
444,2439.9482832605872
445,1572.921211218361
446,791.8668487424886
447,1014.1080350036656
448,1456.8365823383367
449,1000.847126072172
450,510.0975143666303
451,241.4745241160429
452,116.306206500057
453,20.78890351009727
454,41.46592978191734
455,31.429931437495952
456,44.75806978893638
457,46.346036707881694
458,32.41011933040977
459,162.40622714710594
460,258.59888074350715
461,853.7752489204443
462,1641.4237173254526
463,2866.872468208793
464,3538.4942196066413
465,2961.363277887825
466,3216.062778239969
467,4108.58436900926
468,4452.191240614179
469,4254.2835238630805
470,3788.597961729292
471,3180.0282640214
472,2730.783514207128
473,1766.088171666387
474,937.7057782764472
475,388.65373465967537
476,210.470198189739
477,28.081210410121685
478,35.11233500194908
479,28.88597181988121
480,31.0557625646627
481,13.424278532985454
482,44.05641010952354
483,222.5445391292608
484,480.6241318936384
485,1243.5781146044767
486,1978.5038472766912
487,2887.305781697753
488,3652.1044724638496
489,4541.836278861288
490,5025.612891262296
491,4904.062774127248
492,4597.1808551008735
493,4364.956070249799
494,3725.167125528577
495,3166.6055383439098
496,2588.743832534078
497,1771.8183308298624
498,802.5976953859365
499,381.27509090853096
500,206.36898878765464
501,40.062666213039165
502,11.258831297878032
503,14.305328642848735
504,39.66079786968589
505,49.42196849537254
506,78.74504545879722
507,280.73024079752327
508,467.89560825181366
509,1255.873299037937
510,2123.0286323483024
511,2937.19982192469
512,4340.535330122236
513,4829.515358274702
514,4798.980664318327
515,4445.566552465681
516,3172.148749684814
517,3951.1832226271663
518,2443.0677521581683
519,1574.8470902497804
520,1875.6699503119028
521,1032.3924142475164
522,594.0222666616476
523,271.742223536495
524,85.96617058468223
525,29.1910164709127
526,40.079052721980815
527,32.42034414959312
528,40.03890017223716
529,40.03890017223716
530,25.87623718929649
531,93.73582676601768
532,268.930060123924
533,522.7421168441808
534,928.9993493611848
535,1238.1196848506963
536,1452.2639720792806
537,991.463967656616
538,1637.2865866775549
539,2264.3748052771125
540,3243.5080903227363
541,3544.712787931684
542,3416.0635242219005
543,2835.947430735353
544,2138.283124035124
545,1594.2892443592584
546,720.5433495397604
547,285.610047137264
548,154.53320494842887
549,34.7231905813253
550,26.49996308040977
551,44.74700645161033
552,50.65287021351219
553,37.50145128918052
554,30.94620922756553
555,181.6660137529409
556,178.9029692764318
557,224.5023661012685
558,444.8211531991994
559,561.143687700752
560,1261.5287424082792
561,1181.9870160574949
562,1296.2075478191412
563,1375.3184461350477
564,1019.0271700973548
565,1071.609927153114
566,1614.3935837204492
567,2406.1578555161987
568,1986.6485384161508
569,1129.7458660955465
570,499.829142128948
571,363.3365194554365
572,131.27720478725792
573,33.10864762020469
574,34.83913782787681
575,30.32188919735313
576,13.399837767604597
577,25.22565869045616
578,83.7502935285604
579,190.88290265751243
580,573.8443985040224
581,1307.5876040215528
582,2402.919257497314
583,3260.825798785213
584,4091.7076237852607
585,4590.244391744855
586,4437.286466902021
587,4567.5826037581
588,4252.536653822187
589,3181.164100116018
590,2758.082616245273
591,2032.0979642326868
592,1654.47495499802
593,1189.4362370724714
594,799.253061866287
595,357.79407141161323
596,139.64237264347437
597,63.99412146759392
598,29.349141394618755
599,27.417763983730083
600,40.27354220104576
601,34.2281053419149
602,82.99976042461753
603,208.08905920935035
604,613.6668496186769
605,1248.6187939400709
606,2435.641005163912
607,3301.4075784440074
608,4072.066144293073
609,4131.367709463361
610,4616.119138067487
611,4811.9563487227
612,4473.574871366743
613,4258.806791609052
614,2709.1181043143306
615,2004.126151090387
616,1833.989533012632
617,957.007326340202
618,552.75425354195
619,327.0972596163785
620,128.2234425897634
621,26.265809332851177
622,47.33702162456871
623,41.260911261562114
624,43.40686491680504
625,43.40686491680504
626,33.430785452846294
627,133.7734926099813
628,318.5659682507551
629,502.3459550793207
630,720.1117196435964
631,769.362947797302
632,892.0379921550787
633,1303.7087392563856
634,1918.8409101719888
635,1391.4299344177282
636,882.6937498207128
637,1518.1679454202688
638,1160.8973992223775
639,619.5054022724664
640,574.4815298373735
641,481.264687990669
642,299.8887357468641
643,96.85208252621057
644,51.213425909999614
645,16.375380789760356
646,47.96342352581382
647,58.02376774502159
648,52.69992903423668
649,51.69125870418907
650,26.966090476039653
651,81.44818953228355
652,76.01651028347374
653,222.6480068321264
654,353.360459243778
655,518.8362137432134
656,740.0060441250837
657,851.2804324383771
658,883.9467278475797
659,1065.5272489542997
660,1005.4599326009786
661,1064.4461870546377
662,956.7356225605048
663,1030.2611647005117
664,624.5022207255399
665,505.4677714462316
666,363.6738925929105
667,170.41935328197837
668,63.145883357051616
669,17.030993735316997
670,59.76926974010826
671,56.422322546962505
672,46.35135630321861
673,44.4766028280294
674,97.15124586773275
675,204.55878428173423
676,489.5227338726557
677,858.9338544364011
678,1593.93704397035
679,2321.8028458113704
680,3330.183097695831
681,3574.643658971313
682,3793.938722854379
683,4188.898354833845
684,3124.754794364694
685,3281.302517717603
686,2860.1197333092723
687,1594.8908665831125
688,1087.390317624334
689,906.130544876579
690,586.5512169952428
691,319.1878295893705
692,227.77872983169917
693,28.947705542567974
694,23.711571013454204
695,14.942388808254009
696,45.86046103191734
697,63.82961682033897
698,34.71311405849815
699,150.4677236433065
700,281.2958379740751
701,388.5572564358747
702,422.1181342954672
703,696.8447311277425
704,643.5737452263868
705,2293.515298312429
706,2448.373135542396
707,2625.648074393991
708,2638.1149959321056
709,2884.59465012503
710,1869.3511050398383
711,1206.6717082614934
712,885.4157923812902
713,693.8886095340288
714,479.2665109391248
715,303.619383549217
716,164.8774053211248
717,26.194794928554305
718,25.08063343716026
719,34.95377472591758
