id,predict
0,0.0
1,0.0
2,0.0
3,69.44038509124174
4,311.0024428355567
5,806.0989360054009
6,1889.5542034717275
7,2974.3015192639546
8,2971.2827153236453
9,2808.875431750712
10,2434.276626204429
11,2940.74320775696
12,2517.0683360525304
13,2140.300581246024
14,2185.5632144766446
15,1774.263828942644
16,1295.6803637694918
17,630.0290070241219
18,255.09913093325144
19,18.29088958645624
20,0.0
21,0.0
22,7.505741899178423
23,7.41417563024047
24,0.0
25,0.0
26,0.0
27,151.45871802253765
28,655.7439518282642
29,1133.4048287805876
30,2268.621899020312
31,2278.227803301518
32,3385.613124026062
33,4294.421642682648
34,4260.412593149217
35,3900.917203139101
36,3819.229738691203
37,3876.87444440404
38,2654.9332133714333
39,2502.232563314889
40,1684.4524778528069
41,878.719664260582
42,399.6111787653174
43,63.0001679222181
44,7.404339249342906
45,3.194163160354978
46,0.0
47,0.0
48,0.0
49,0.0
50,31.825388209345423
51,263.94140994146403
52,692.6934706932606
53,1479.8155135018492
54,2605.5263644581355
55,3648.152777704095
56,4046.5015021279232
57,4778.690597522015
58,4932.061980052068
59,4649.1667079239005
60,4558.580536333789
61,4173.32139240008
62,3351.44453469734
63,2241.774291797061
64,1404.211625295785
65,817.7882570360932
66,399.842157550009
67,113.13388373583966
68,0.0
69,0.0
70,0.0
71,0.0
72,0.0
73,0.0
74,16.46877828907087
75,133.965878809785
76,524.8743435166695
77,1240.8219054579954
78,2332.3345973219616
79,3357.411283237368
80,3838.8927170060406
81,3095.670986539251
82,3617.402945661843
83,3802.042201638056
84,3673.940895369635
85,3222.895866808921
86,3153.587871360165
87,2993.447041043667
88,1913.1284289804053
89,781.6871042088659
90,269.1654726896224
91,126.39829869026448
92,0.0
93,0.0
94,0.0
95,0.0
96,2.5375001080026074
97,0.0
98,52.01784027744411
99,293.9793349625204
100,671.0077032604169
101,1421.1109385282648
102,2592.606226521386
103,3455.021163041186
104,4284.893466560941
105,4455.960840170302
106,4844.541406722524
107,4919.358666781228
108,4624.008005942693
109,4062.777658909832
110,3524.232379377196
111,2945.031272365304
112,1974.7819824589867
113,1059.1488337672104
114,419.97432712728136
115,195.241028791218
116,15.4597895293712
117,1.430296258789605
118,0.0
119,0.0
120,0.0
121,0.0
122,77.15183342174414
123,207.98755042252867
124,644.8418134179379
125,1677.4142722020808
126,2545.0406713638645
127,3421.514640179701
128,3629.5106894904416
129,3904.0955163142194
130,3706.7055215355135
131,2927.452369626055
132,2572.7233321840768
133,3648.229048274849
134,3383.5952144093585
135,2408.46486645636
136,1694.179293022178
137,1013.8048406121984
138,458.4258006817058
139,197.63603006727104
140,23.85730810479061
141,3.393983141338248
142,0.0
143,0.0
144,0.0
145,0.0
146,91.57288311551086
147,278.6299375920946
148,659.9501321925069
149,1819.7721687374556
150,2733.880206484599
151,3723.374597767861
152,4014.370878574201
153,4462.124702837043
154,4174.380487147078
155,4250.045017534941
156,3720.963078290272
157,3387.6461255061017
158,3134.7700995903515
159,2279.329178318824
160,1864.1483110864528
161,962.925712120828
162,468.665871171384
163,177.4431361359835
164,12.401612642190948
165,0.0
166,0.0
167,0.0
168,0.0
169,0.0
170,15.20642564985722
171,72.72426231437768
172,150.8106415062323
173,243.99204920809885
174,285.81526219055644
175,438.9725806279595
176,640.450706494457
177,777.0893391140088
178,784.1994113893911
179,1370.100987684674
180,1978.1353240433505
181,2345.215541149604
182,2073.536584134515
183,1891.7438313291848
184,1349.2380644339707
185,681.9124243655359
186,336.24192512414027
187,165.7539419213641
188,17.215663359258468
189,0.0
190,0.0
191,0.0
192,0.0
193,0.0
194,53.18254673297399
195,192.64768661270037
196,373.35141263848135
197,806.7156732817856
198,1503.8495771406876
199,2314.997047386754
200,2076.770672141929
201,2299.496321129141
202,2731.98066807496
203,2627.070771341336
204,2943.222243952904
205,2781.047529936321
206,2156.9669125593205
207,1543.603828809264
208,1099.2993731558142
209,479.9563192775158
210,214.61083563605396
211,47.21143232829125
212,5.874051973062469
213,0.0
214,0.0
215,0.0
216,0.0
217,0.0
218,24.706737637567063
219,107.1602672383968
220,194.94413361798436
221,338.3988922521766
222,774.5099794686654
223,1237.2083577050034
224,1986.104096805213
225,2164.8958482648204
226,1575.4879434473023
227,1994.441095013104
228,1134.9842862283622
229,853.2026516202119
230,734.0924585273608
231,709.2493224784718
232,513.9050307137559
233,317.0726244088886
234,222.1933957529596
235,79.17799316538563
236,9.768788741668464
237,0.0
238,0.0
239,0.0
240,0.0
241,0.0
242,26.58380403947852
243,109.77478362993138
244,284.00592919269894
245,1040.9995603163388
246,1374.2858858927875
247,2559.6713817755303
248,2088.414899518686
249,1770.271758797987
250,1853.5949447983403
251,2020.7010190750009
252,2892.0247239642467
253,2773.665106149996
254,2398.5216580190504
255,2147.1337389829587
256,1430.3352070686972
257,1085.7986011603232
258,570.5407124330349
259,219.93068539946967
260,52.881579414349886
261,0.0
262,0.0
263,0.0
264,0.0
265,0.0
266,67.99961836795238
267,187.62092070924535
268,308.8376680234311
269,733.6710145111987
270,972.6812236071668
271,1227.2056934356765
272,1497.800542873672
273,1566.3522373767992
274,1618.6199805677556
275,1252.0846157262872
276,1302.433679848872
277,799.3345726279478
278,1087.4933425505055
279,844.4720306347958
280,730.3255467928724
281,436.3956139144901
282,235.36914575560309
283,74.56112736380932
284,15.19585072141068
285,0.0
286,0.0
287,0.0
288,0.0
289,0.0
290,69.92587579439477
291,160.27477666330364
292,398.2593969985776
293,711.4165225692234
294,1721.4350623433993
295,1921.550421764115
296,1488.7488814872092
297,1897.145815541712
298,2353.145483425504
299,2093.0299124443886
300,1411.2030985502588
301,1437.8770534540672
302,1587.1368016834322
303,1371.2502687522613
304,1000.2939324109072
305,721.1909895140057
306,411.40804025163015
307,209.8996900956068
308,37.5762836602477
309,0.0
310,0.0
311,0.0
312,0.0
313,0.1892293267414144
314,43.035609195280216
315,216.77793056662236
316,464.8564172736898
317,673.9697843445014
318,1415.2006512111147
319,1695.3863473413912
320,2456.3814050862493
321,3280.418176973731
322,3464.042523662401
323,2554.4940971287915
324,2077.218762511813
325,1527.4302235702862
326,1159.6031525571364
327,733.8087325517798
328,731.3667350714804
329,414.7577751950944
330,226.66432149928093
331,159.9596082680001
332,21.236356108265728
333,0.0
334,0.0
335,2.37052047277313
336,0.0
337,0.1902247101276604
338,29.42659206136484
339,97.6879158259366
340,251.2868417210938
341,645.2525409997047
342,867.847042942659
343,890.6539307328187
344,1049.3102610874976
345,1734.9292901794574
346,1696.245568218412
347,1896.1536012391573
348,1573.525707249011
349,1469.9959177615667
350,1495.5707355185525
351,1273.2494590672145
352,926.355891440116
353,516.099751498289
354,282.0483545441412
355,142.20373449540878
356,24.95872918863552
357,0.0
358,0.0
359,1.1776196960700442
360,0.0
361,2.459027555686241
362,44.71291385257308
363,183.0503559871157
364,309.914622047151
365,613.2979779186336
366,973.8664563483942
367,1053.683312026198
368,1529.641440583414
369,2014.4469622768408
370,1884.5953778833343
371,1959.942831573368
372,1821.012018275133
373,1333.2879700487997
374,1014.6765021800378
375,1000.39579257095
376,1119.174426569807
377,842.1158110285515
378,474.8543802758927
379,146.16520178878824
380,17.912088631161943
381,0.0
382,0.0
383,0.0
384,0.1568041725574929
385,3.910306123022755
386,36.13523558685699
387,125.39246826468624
388,293.12238462035987
389,687.9990255723786
390,550.8462845956216
391,714.574164841572
392,874.5202348904622
393,1404.6612013436898
394,1518.8920280213008
395,1451.8651254253623
396,1771.658396884909
397,1266.937990361
398,1301.3344186848444
399,954.6585736526544
400,911.9831886193896
401,799.8866151957313
402,643.5700476862827
403,305.48137985240385
404,64.93796767883462
405,0.0
406,0.0
407,0.0
408,17.063280246734777
409,30.940304902028185
410,148.85096038561286
411,354.4056829442748
412,891.7209832119937
413,1969.933100824885
414,2929.0344448362043
415,4068.532743012828
416,4727.139885936627
417,4762.591145703333
418,4521.664288367047
419,4720.671619472619
420,4654.777382007186
421,4168.634878637806
422,3627.705760542717
423,2917.92159438228
424,2293.386846024053
425,1196.2677263970038
426,602.035103886867
427,309.8918652652232
428,121.05602878762718
429,1.1148440818198342
430,0.0
431,3.124467381974997
432,0.0
433,12.116403027213403
434,140.94840852029608
435,305.04611721370304
436,602.9293667533448
437,1335.4282983551611
438,1759.654919872832
439,2793.562649800071
440,3444.419428080983
441,4115.588084610704
442,3988.4289000624353
443,2219.6368738599963
444,1569.4575618995095
445,714.9560412755811
446,1113.9366307418754
447,1242.8960219789822
448,1271.559430919095
449,600.4126702170656
450,280.08803595576694
451,173.2498673527929
452,31.722428648010556
453,0.0
454,1.915458657442791
455,5.08749196819246
456,0.0
457,0.0
458,66.5951702604058
459,195.0831484961444
460,397.6475425233039
461,1082.4907497053152
462,2109.0284051708973
463,3017.3847409890263
464,3476.670336147571
465,4231.032425949036
466,3677.328284417764
467,3712.461496516393
468,3807.274164903256
469,3938.434477148268
470,3446.9292609004447
471,2872.363690710424
472,2158.6014898624885
473,1233.6120953301945
474,642.5290550482341
475,352.1356090801493
476,102.71028268931614
477,0.0
478,0.6226950362459069
479,3.1393306325208306
480,4.2106533692622
481,0.0
482,120.5097409440857
483,287.6410286988652
484,652.0641135288945
485,1501.9806067222446
486,2541.7534420737425
487,3528.091055930772
488,4019.587629901161
489,4453.935290459855
490,4683.642963278546
491,4965.425117392847
492,4541.547281309185
493,4267.097529392192
494,3685.094459049448
495,2963.6687179992027
496,2116.948055785716
497,1213.395813385806
498,642.1744067253969
499,378.6243707745751
500,115.737363089066
501,8.979256803988427
502,1.633423764675868
503,5.698562202777332
504,0.0
505,8.60181164668561
506,100.449797334482
507,311.6485998259188
508,684.3541874723368
509,1321.4440529743215
510,1576.981878017294
511,3170.176229669956
512,4302.986478486195
513,4555.335368107899
514,4754.609126042548
515,3753.710773277409
516,3047.1934932055115
517,3492.1659712521205
518,2525.225937729428
519,1997.528747246406
520,1687.9281538624423
521,762.2523516655051
522,410.2539856861103
523,211.8008362955219
524,68.34632931937176
525,0.0
526,0.0
527,0.0
528,0.0
529,0.0
530,29.44272762797629
531,121.86122977044934
532,303.0923882563443
533,555.2216895421809
534,806.3027044772203
535,1190.066173945273
536,1134.503108513058
537,815.6357740209696
538,1273.634619740462
539,2779.375118954573
540,3694.080397831719
541,3509.106337935948
542,2922.1135687157757
543,2610.68146836536
544,1642.7041404970478
545,1045.7065265166802
546,409.69496900440873
547,298.6433281969589
548,103.39407709961492
549,0.0
550,0.0
551,0.0
552,0.0
553,4.997946231148635
554,23.00453761725756
555,120.56802590354962
556,133.043887285344
557,194.91137869465783
558,303.5885333754355
559,798.6987580332232
560,1181.646648026389
561,1576.3273611009008
562,1195.7498772282022
563,1419.6874508380365
564,1398.6498908786057
565,1849.5562329436475
566,2095.539373417296
567,2121.9578249017704
568,1645.2559356328425
569,937.1158977349398
570,505.0952676989824
571,250.3579148525962
572,63.7763417558898
573,0.0
574,0.0
575,0.0
576,0.0
577,18.18271356449038
578,118.60578695223585
579,278.0553987329605
580,676.3424559820295
581,1748.7091672441325
582,2685.9570779178684
583,3691.612081201898
584,4265.1452126400245
585,4305.34108348725
586,4324.978260641475
587,4294.278401598439
588,3565.490761350897
589,3475.0297971927807
590,2768.400090043875
591,2096.591382767514
592,1341.1483811327828
593,948.1440263090408
594,364.1910751218773
595,249.4685486982472
596,54.01836621462226
597,0.0
598,0.0
599,14.072099731679328
600,0.0
601,4.739115597033914
602,95.4540200835643
603,263.54653135240426
604,647.289078330414
605,1512.4552112339566
606,2004.0802390432375
607,2796.681874619406
608,4051.702456208623
609,3567.888132783267
610,3452.3894946272103
611,4525.48039801406
612,4459.810068664198
613,3855.465123505709
614,2613.515023410076
615,2157.6069143880013
616,1540.2821429401602
617,1001.5481133829647
618,582.0546457749521
619,287.2124418187314
620,90.56118279389482
621,2.364491955669344
622,0.0
623,0.0
624,0.0
625,6.8396732993541
626,92.91515653454324
627,232.05499764552556
628,437.2101445928296
629,486.67461466368417
630,643.4547895283633
631,1068.5257412404817
632,1026.190673347443
633,1306.9944409716115
634,1602.486825210442
635,1400.217966221668
636,1332.9799300075892
637,1269.0904339473295
638,1247.4942303880905
639,1005.7077467730118
640,719.0019622596843
641,367.9036187348875
642,212.7237389407214
643,97.12010845732487
644,20.43775241097257
645,0.0
646,0.0
647,0.0
648,0.0
649,0.0
650,16.539503430524974
651,84.12489832863172
652,128.47136385569556
653,160.16049964866255
654,312.7076254072006
655,677.3196229900499
656,683.4709195938176
657,610.8238005773068
658,710.0599382783091
659,701.1664199567944
660,851.2232997553402
661,980.3650298003572
662,1004.708292607762
663,852.2204944623576
664,681.0053366255914
665,459.6849585540758
666,310.78390430175153
667,136.335759817251
668,21.70075792070074
669,0.0
670,0.0
671,0.0
672,0.0
673,5.83842256680812
674,142.41170217800345
675,417.48059028778766
676,684.8482075784979
677,822.8361186516971
678,1802.9681480520608
679,2267.971460805996
680,3428.940047095773
681,4394.956708748214
682,4710.8307865431125
683,4466.662002825356
684,3762.803114574253
685,3598.9373298159926
686,2977.652905317298
687,1697.0093138462555
688,1126.1999116803602
689,891.8649210754227
690,467.0829045565868
691,304.29390345920604
692,52.81092157660649
693,0.0
694,0.0
695,0.0
696,0.0
697,6.491520754579684
698,74.08205958491494
699,250.0818932880153
700,312.6584305492078
701,405.8246960550922
702,581.637243398248
703,618.7982586213325
704,1147.398178544627
705,2149.911449271416
706,3122.9229414134134
707,3488.3819500437394
708,3166.095867579503
709,2754.3459007844003
710,1779.7634626749991
711,1171.495134674644
712,793.4519231592544
713,555.1215733082371
714,281.0692899355532
715,198.6676064995308
716,74.6483455606367
717,0.2351950232666544
718,0.0
719,0.0
720,1.1149068254945351
721,1.0931476284908257
722,3.161978182037662
723,14.835533630390348
724,42.37119072084373
725,136.00839914516482
726,355.1367099066417
727,479.3545118158973
728,560.9902982420075
729,481.6816847301125
730,437.9794644778172
731,522.0565835586416
732,331.7753933905934
733,329.8535650326072
734,393.0304203775083
735,236.02924553656092
736,214.65035799683807
737,117.58334047797888
738,66.28772984491472
739,41.68880335775575
740,1.5665434168813208
741,0.0
742,0.0
743,0.0
744,1.6035561257229594
745,0.92878885023951
746,1.8612059399522904
747,15.63799019717327
748,82.59909392495878
749,153.8000025051123
750,269.3995556824051
751,324.71729810516103
752,435.62932708170223
753,656.2553591496436
754,688.4493237249518
755,635.6255105991877
756,711.9880092038524
757,758.047924103884
758,461.7018735992094
759,363.0812955194901
760,264.0593342363117
761,138.0958188959185
762,56.13188037052515
763,13.882124847758504
764,1.812498526347091
765,1.8329753420927943
766,1.2206426760790974
767,3.449014797335852
768,12.52505905350781
769,9.989449968699994
770,7.521948186388215
771,50.215198786321096
772,127.55242044826105
773,266.8121890490728
774,481.7942539219653
775,661.4291041008092
776,754.8030042742841
777,843.0012389868284
778,994.422388879002
779,866.8459720075406
780,875.2607592349013
781,829.214413110404
782,577.8800197890403
783,406.81327786815166
784,254.3936395879312
785,162.3767729401306
786,75.87368002704784
787,28.6546598497072
788,12.475630908720934
789,16.811686225366568
790,9.089248985149844
791,4.6415714705490725
792,2.562595891618474
793,3.4859347060747403
794,12.392206076777564
795,30.03934151270241
796,127.6121460306404
797,250.62476689271907
798,390.9582349605311
799,588.316408960833
800,601.3298695359764
801,525.8940833163263
802,615.2239507445476
803,783.6980518099709
804,796.756418755342
805,665.6387690734563
806,503.2534599310207
807,510.9973113801925
808,326.5756761119213
809,142.48147525542737
810,64.36413155538386
811,22.928962575589544
812,6.02654130456672
813,6.932812071490927
814,6.378399177719524
815,3.3918145511550977
816,16.658123300926352
817,4.794027858647771
818,28.512892565447704
819,76.0232322889494
820,129.90983757627285
821,272.7655171197504
822,439.973975527659
823,496.3268548522825
824,617.4857387765325
825,718.3607789472828
826,875.222776321454
827,884.05398714669
828,881.3515748800734
829,678.5028469285496
830,599.7130900396525
831,507.3015472446165
832,304.5047555404027
833,193.43597242616048
834,84.72098228288439
835,54.84368920807297
836,45.35702653809331
837,28.51503866044276
838,28.70741512232616
839,31.31801991233679
840,24.053825744859203
841,19.507704108820477
842,54.37321260349008
843,55.0754367304765
844,156.14268658161492
845,332.0453774575128
846,408.3841202030299
847,513.6805511959719
848,511.3609585437556
849,541.2565473286946
850,658.3103967898567
851,633.1298495237985
852,524.6494772733456
853,618.3249208093811
854,578.245465892477
855,476.3506865807499
856,318.8491980002895
857,171.04044782658428
858,94.51339963132178
859,36.67919037896233
860,42.4469737843375
861,26.87711115538833
862,8.89415603334605
863,12.292499022804538
864,17.47201313761414
865,9.63716507732661
866,35.223577375188455
867,69.288412696107
868,143.97506230463344
869,363.45602914791465
870,491.0998913283625
871,657.3532846398125
872,713.6744328794069
873,727.7904029755236
874,800.665088164114
875,781.1125225123194
876,753.9869981542364
877,714.7917846041386
878,553.5666188594861
879,418.7557957290923
880,352.79888541602725
881,176.01294578293303
882,88.37581641400334
883,46.3975659210255
884,26.353056650832045
885,22.490769337863764
886,17.78514414374243
887,15.314254818555398
888,9.776060931096964
889,7.5693075893656925
890,13.202719550979303
891,28.677246572972845
892,33.86484979583028
893,70.71603173599141
894,70.75002789294501
895,94.87804549807434
896,174.6442438741038
897,169.24262790582216
898,189.51723551917
899,278.8403843799623
900,390.5656535234001
901,459.60749245202487
902,351.8993503943474
903,286.20417079032586
904,231.9600968027266
905,114.89854145031684
906,64.78418987847233
907,33.64043640350907
908,26.02807895543553
909,11.131239085055263
910,11.669356991307849
911,8.77387400407842
912,6.058651081519763
913,5.249536163474563
914,20.80078924852129
915,50.17661755551413
916,84.47729155364055
917,195.06495982371808
918,288.6155020891822
919,406.85161819284
920,440.52999970775926
921,426.24959912403153
922,577.989736665461
923,598.0945184872638
924,634.3616921204192
925,688.1254867205114
926,493.8406493958672
927,215.05397095607836
928,230.55550871716864
929,112.66207812218596
930,63.429619868856776
931,27.529183190356488
932,26.96031535587669
933,8.622086114392596
934,6.415461242175763
935,0.1556575147686114
936,14.768718664424313
937,10.728609144813989
938,14.643141528975914
939,32.15159320677134
940,46.35210714605584
941,73.28575916076595
942,161.23521806073052
943,298.93272011186133
944,386.84946897122177
945,486.7127525459591
946,335.347470406131
947,448.37322313489824
948,253.51128889547863
949,214.9473617542015
950,190.79824666305893
951,157.42395943745754
952,92.99969613954666
953,79.28512561053859
954,85.35346902078736
955,45.65934120179628
956,28.3815740272823
957,12.251951284966491
958,9.380076917646052
959,8.209398282739718
960,14.00440759484606
961,12.125125184010024
962,11.946691765874476
963,27.603208790784823
964,72.62309518833545
965,242.2906946423666
966,267.4195868390556
967,432.83280169456737
968,426.7051510568106
969,343.7186886858168
970,307.64225131148817
971,355.79181474858154
972,597.7770069047788
973,516.9054315107741
974,389.2530019183108
975,223.70956670093332
976,243.13069432428512
977,160.27616349096357
978,98.85702152225072
979,45.96772093469022
980,10.921750138394792
981,2.107073965505033
982,0.0
983,0.7960906809940917
984,8.9768217824186
985,6.733314616039339
986,25.63890372184279
987,54.88923262853368
988,103.14959455158824
989,207.5196875586296
990,244.3561910942224
991,257.15839847652774
992,380.91416390506697
993,393.2036976133703
994,557.4942613836125
995,470.6681822692064
996,334.53216068079456
997,173.58890516286246
998,225.87802106988124
999,104.44763649481868
1000,132.7434753798748
1001,99.60904548174184
1002,71.22355374400796
1003,43.98026847773073
1004,44.56819813486781
1005,17.991330121196757
1006,22.53922386979647
1007,14.108079429141622
1008,1.1140358193492057
1009,1.1360693565237767
1010,15.501792816786676
1011,46.37341834289333
1012,96.2474079286028
1013,200.10205483895103
1014,210.18912114364812
1015,330.2941441284402
1016,362.5604091862173
1017,430.2530671058404
1018,553.5509011463952
1019,494.4990305933478
1020,494.2368696506588
1021,423.3085841746146
1022,348.31880102700785
1023,206.74262076200824
1024,192.18748084494243
1025,127.32833739839528
1026,78.89706281109882
1027,36.71830726751405
1028,10.995544557124934
1029,5.057924746630615
1030,1.5439077862617046
1031,0.0
1032,1.7406913532884056
1033,2.441430341803696
1034,14.7628478505738
1035,59.07825062856924
1036,116.50689744847334
1037,184.14894030796196
1038,272.4800700890881
1039,331.570479790763
1040,564.854893632636
1041,664.3263609077827
1042,737.4310583358646
1043,637.319940015881
1044,490.7425861658297
1045,284.3594537176617
1046,329.93227688789324
1047,139.63137946454188
1048,121.3246045939472
1049,83.22695657405342
1050,47.39294574810221
1051,39.97327491803085
1052,23.15958320000846
1053,11.238770964039109
1054,8.987898987483176
1055,11.689196211620628
1056,8.591117177315338
1057,8.371322601769254
1058,13.058142608153036
1059,26.222571923344645
1060,78.79017308042782
1061,156.30253880309616
1062,177.6209933718478
1063,205.44894772447185
1064,266.6936509041155
1065,444.32564476911386
1066,368.67988800565854
1067,459.1266749193711
1068,483.34799359699656
1069,439.00159074826905
1070,286.9114719788077
1071,198.07946447305457
1072,154.66041847541413
1073,106.32242709120598
1074,87.00954281742037
1075,36.78876563497667
1076,15.53848848843495
1077,8.939224209551819
1078,6.4364955524557
1079,8.588064578455928
1080,8.136828337195583
1081,8.685259706806834
1082,11.159136518005658
1083,47.48780776306559
1084,88.94937052547152
1085,120.2788848773635
1086,194.9061659892088
1087,234.83263557508656
1088,352.5488203909153
1089,579.2509799876749
1090,517.1209829926172
1091,483.4726753845197
1092,457.82069734030085
1093,431.921095233498
1094,281.6858756798397
1095,204.3477021611475
1096,196.289017515071
1097,172.85288401633514
1098,102.48134416397023
1099,38.84784393969596
1100,17.311045959666405
1101,7.249092188955677
1102,6.846003004892957
1103,4.316386742785372
1104,10.29276913450075
1105,9.517425514221792
1106,11.375157185841926
1107,29.434170938797205
1108,71.30950594278086
1109,128.75020715373063
1110,111.85480214682724
1111,187.01192371391537
1112,299.12870799394045
1113,431.7220488768795
1114,403.499061879589
1115,401.9571842495852
1116,404.67936659344974
1117,293.6286034717918
1118,254.9260724158244
1119,225.5529310597148
1120,165.46018325961532
1121,177.23965170608642
1122,125.6375240981946
1123,60.24084911869734
1124,14.419406929404364
1125,5.596734519598007
1126,6.493817598804551
1127,5.728260179987519
1128,0.4022808135263007
1129,3.765536455283243
1130,26.01236486871888
1131,67.17922069725641
1132,183.50482221251417
1133,440.9798732267883
1134,566.042008373394
1135,759.593653166199
1136,997.1483259481236
1137,1111.478981730012
1138,1094.35138741855
1139,944.5630474059074
1140,967.9429106458556
1141,937.290480861672
1142,782.2424009185739
1143,533.5812847587362
1144,388.2928600397997
1145,242.9781151094776
1146,156.5131581986781
1147,71.47827500198049
1148,23.367613052988798
1149,12.199820368764003
1150,9.17151046363874
1151,17.600816040849846
1152,18.375375440002088
1153,15.997137674748636
1154,52.56817069146878
1155,95.80173996395474
1156,169.3202569860747
1157,295.96654562613736
1158,404.65367611774855
1159,584.8609938352004
1160,702.9152967551242
1161,851.070115385587
1162,702.308073688634
1163,322.0828540598634
1164,329.44779376579856
1165,186.39994244172567
1166,301.12281463281937
1167,306.4724719727868
1168,231.5668779479769
1169,147.60199022497483
1170,95.46876133513348
1171,58.03669176898717
1172,37.85549684537685
1173,23.878442501992712
1174,18.63529138998121
1175,17.634031823313983
1176,24.400021270324505
1177,46.43410545202994
1178,50.6353162356132
1179,108.5601562752054
1180,148.3701306709283
1181,280.1803809288184
1182,364.9034492979373
1183,490.87930007898166
1184,611.1288674674558
1185,836.3204218545204
1186,758.281252176145
1187,783.8202641877755
1188,711.1642773153493
1189,719.3771157498937
1190,491.21817934067377
1191,491.7764216258963
1192,371.4912290905697
1193,238.8878455607196
1194,150.6587933617127
1195,88.10788126855849
1196,28.06532934120437
1197,38.95607189858438
1198,32.38850633205389
1199,35.127619521786315
1200,91.12191038533965
1201,79.02449297114755
1202,64.37396033611249
1203,109.82532484416548
1204,195.0635232480417
1205,302.8907319432994
1206,429.3902789063337
1207,489.2859924956799
1208,609.7723040551896
1209,830.8500494929359
1210,812.8064445392869
1211,953.4881006492096
1212,866.5876842993363
1213,834.8688595995092
1214,756.0338720014418
1215,568.6283654036803
1216,405.1015886402233
1217,229.62967014341723
1218,136.18330205911096
1219,71.7161575957026
1220,26.6596034917492
1221,43.10648478004535
1222,31.49697168825797
1223,36.75648063800287
1224,41.69908431593296
1225,25.076667821383968
1226,54.29627723637276
1227,111.96674701016804
1228,204.22193460318147
1229,294.8181454627851
1230,313.0913021213455
1231,516.1800877662533
1232,652.9376932708648
1233,776.3571194776863
1234,892.1090632788025
1235,634.7476077559759
1236,548.0865499433756
1237,656.3429097068439
1238,412.6332566028494
1239,406.0687225993985
1240,254.22672855383087
1241,144.17704438478944
1242,113.8554480529159
1243,55.2691588672388
1244,30.128191527868527
1245,21.014107491426856
1246,26.092188595821646
1247,25.063720802292483
1248,21.89372718431577
1249,13.867491501212031
1250,21.10753902136172
1251,47.961583613911856
1252,107.112403298543
1253,140.71954057024774
1254,197.9256405352874
1255,282.27262011871835
1256,249.9010042101161
1257,230.2119348074661
1258,341.77799438868266
1259,684.680399240132
1260,753.8278528476903
1261,762.6528788702255
1262,614.940381315168
1263,458.1736068026636
1264,299.9624067153093
1265,220.78459245973724
1266,119.36066608344515
1267,115.28340910823876
1268,122.04688779923605
1269,82.28539481063912
1270,83.00959355396414
1271,71.54350339987035
1272,22.251999348738657
1273,40.30283766974435
1274,41.54580018340848
1275,53.33822044981181
1276,36.8604013475464
1277,53.963371056323226
1278,66.40725724151906
1279,261.9470378957158
1280,167.52190795070933
1281,286.80089446908545
1282,312.66958000272905
1283,386.6729680005534
1284,396.18079284317486
1285,331.8802991101817
1286,385.96638225709785
1287,432.6039481566736
1288,390.0081877257151
1289,202.094734097179
1290,123.14675170611548
1291,73.2543581266722
1292,21.33574451660588
1293,14.167210196106309
1294,15.44464464826157
1295,15.876186433728227
1296,37.40280865544797
1297,46.845953879931486
1298,67.53970960027262
1299,106.6194334885374
1300,181.80143013189996
1301,334.4466391479638
1302,511.3911741657115
1303,556.9842499281714
1304,714.9664423658996
1305,729.651155682965
1306,841.7008837228473
1307,848.9780292178292
1308,606.9916213884995
1309,624.5204869059734
1310,537.0178715872587
1311,350.6893723275868
1312,314.1129144827666
1313,135.6264599869538
1314,80.9229907822183
1315,66.3565696791067
1316,70.43526844582107
1317,48.07456977931085
1318,40.74690247503429
1319,34.682061253042264
1320,26.94472740664233
1321,26.13482575748426
1322,43.877297884190455
1323,87.80366391728907
1324,177.3969456587378
1325,320.45973983638623
1326,419.9478398320768
1327,532.5705374429521
1328,812.193306089251
1329,957.7010608938224
1330,798.4591123009025
1331,781.3476318064664
1332,802.7982934018006
1333,599.0336946328132
1334,478.4532463824144
1335,288.2138737759411
1336,276.3515057962526
1337,215.8050332425891
1338,160.76822514132255
1339,90.79131292792712
1340,55.39896430864067
1341,36.9537228093068
1342,44.64455245324312
1343,44.70944147128789
1344,58.69763231005264
1345,56.78443478234495
1346,63.739943997099104
1347,93.85441520004169
1348,140.54362040886377
1349,143.76100405909955
1350,177.53847313149456
1351,291.73828041099824
1352,253.3734654273256
1353,319.4036972321085
1354,394.3292856981943
1355,360.1976432059286
1356,333.0087733882127
1357,293.77036838658086
1358,279.9127175792019
1359,255.95303847396627
1360,152.835121370516
1361,106.70557406271271
1362,71.61230372295564
1363,54.86390001833985
1364,36.74831617827445
1365,41.61133217458551
1366,40.63894110580067
1367,33.888556228901706
1368,43.98846536401213
1369,47.43366730752484
1370,21.271743219248236
1371,44.17781215975566
1372,34.85198556504919
1373,41.93069632493719
1374,92.719114521567
1375,203.3395431325648
1376,188.4078997179936
1377,187.1304853476608
1378,219.34602040890204
1379,277.58098430786123
1380,305.1471059834248
1381,304.4513986240067
1382,263.6024673804938
1383,271.2396980984824
1384,150.44541107544313
1385,118.39018307672256
1386,81.04750684903678
1387,46.77655565681231
1388,22.1198928306987
1389,9.841136348736311
1390,11.049728046562386
1391,10.849261535339528
1392,79.15672041343906
1393,54.2607923120775
1394,85.17613918401315
1395,155.38018995630296
1396,162.05517407459942
1397,216.1190054055496
1398,207.48284570111989
1399,221.0933568013309
1400,640.7644417827753
1401,867.5594176459506
1402,888.8119305876838
1403,695.2467614171115
1404,590.2543007054799
1405,639.7710268961226
1406,498.5039143636987
1407,231.61393463890025
1408,142.9702710183293
1409,208.96319462909543
1410,84.87067109690574
1411,48.50785610872677
1412,50.88702209817821
1413,46.606454473137845
1414,67.17326218731486
1415,25.199051821230945
1416,50.31279447756046
1417,39.8732492402788
1418,52.23874239233108
1419,79.52374602611707
1420,96.29930640901874
1421,84.63543517037145
1422,130.71735427694898
1423,150.77069471265193
1424,166.84493141881478
1425,380.1894848292848
1426,536.0380143454436
1427,625.4296320580204
1428,598.3067164495186
1429,620.779746612586
1430,332.2408794415395
1431,284.55569759960684
1432,177.26948575038065
1433,129.07815080564362
1434,69.58432461446732
1435,50.56541303957624
1436,13.22981487256816
1437,10.98140492561518
1438,8.562335566555491
1439,9.162182815107876
1440,0.0
1441,0.0
1442,0.0
1443,8.604118497206919
1444,27.207059515926986
1445,98.10823067441022
1446,237.52140728939145
1447,370.5657739366109
1448,463.5320320510716
1449,380.9752926794413
1450,457.9441947499952
1451,486.9712117407378
1452,414.14407693584224
1453,368.9049372882837
1454,418.6191145446995
1455,262.1542299196309
1456,212.652341231792
1457,129.968653370714
1458,47.91235411313441
1459,2.19069999084578
1460,0.0
1461,0.0
1462,0.0
1463,0.0
1464,0.0
1465,0.0
1466,0.0
1467,8.329181815014895
1468,57.1916985667129
1469,116.30316192679356
1470,181.61700130286053
1471,318.3226452320208
1472,462.25064485150926
1473,657.6469373127484
1474,648.8460985011753
1475,677.0802188212418
1476,705.482547613322
1477,687.6076052432559
1478,418.99304280988105
1479,387.6509026911762
1480,297.3950517773481
1481,135.87031049143658
1482,60.95949264653264
1483,9.742065718306526
1484,0.0
1485,0.0
1486,0.0
1487,0.0
1488,0.0
1489,0.0
1490,0.0
1491,28.30526575938082
1492,70.55914842460679
1493,212.01596640613096
1494,381.9824758674556
1495,577.038662514179
1496,709.0784360938175
1497,793.2380136779117
1498,862.3950842629448
1499,760.0187868746202
1500,815.8272087910241
1501,699.6102411178608
1502,559.93626613622
1503,383.0803292142282
1504,225.26239747038056
1505,121.2879707710121
1506,55.07041547451519
1507,13.171411911422483
1508,0.0
1509,2.4276362491123145
1510,0.0
1511,0.0
1512,0.0
1513,0.0
1514,0.0
1515,25.655985774590647
1516,109.74937811488164
1517,162.72615332749285
1518,295.3942273859622
1519,426.7731793285324
1520,512.1811042779963
1521,572.0958501083666
1522,602.5507176891327
1523,753.7776214616333
1524,663.6619619218924
1525,491.08175341107886
1526,492.4002435715947
1527,481.3352838653621
1528,317.2068503010438
1529,141.9070094902598
1530,48.93638657354194
1531,17.533963022972205
1532,0.0
1533,0.0
1534,0.0
1535,0.0
1536,0.0
1537,0.0
1538,11.407138425787055
1539,45.08137226762448
1540,94.80324286865402
1541,164.15180849150832
1542,396.543011199196
1543,407.8084518958237
1544,572.6003355874444
1545,617.5261314584907
1546,715.166869607145
1547,753.2346296299032
1548,753.1315780344734
1549,690.7066607422703
1550,559.9430416094028
1551,519.644275708466
1552,299.9960321300215
1553,213.6827550283894
1554,70.54892807523008
1555,30.43852158659222
1556,0.0
1557,0.0
1558,0.0
1559,8.528387559784425
1560,5.154120694051196
1561,0.9210236473568214
1562,26.42170845957937
1563,30.071541158811893
1564,92.7628467917227
1565,231.1393656723512
1566,332.9846009515084
1567,411.5811593009863
1568,601.8893365715287
1569,620.7383983870155
1570,814.3584702054926
1571,716.0898205992124
1572,538.7054282612529
1573,655.9359879249823
1574,541.3926588781277
1575,432.4465324660212
1576,314.8333341717648
1577,170.50195850148054
1578,86.57230667314408
1579,28.944598618658222
1580,1.192329026505826
1581,0.0
1582,0.0
1583,0.0
1584,0.0
1585,0.0
1586,11.309643379934592
1587,36.1078287746477
1588,77.04963525930685
1589,212.0336983430706
1590,400.683335619865
1591,599.1868822839841
1592,708.7994433626848
1593,659.5659601553328
1594,708.0167710679872
1595,747.932136181664
1596,727.8232061758057
1597,733.7673646071108
1598,537.8815216169136
1599,410.453176772519
1600,309.83963816684377
1601,192.5470370044586
1602,82.69610485223996
1603,29.50562911654233
1604,2.649844007368827
1605,0.0
1606,0.0
1607,0.0
1608,0.0
1609,0.0
1610,1.6246123913742938
1611,15.457555607180923
1612,26.22686711679203
1613,47.96629869039669
1614,46.70735280311138
1615,98.56948991736884
1616,147.105717791059
1617,167.2778494829145
1618,210.26512436583928
1619,287.1255255213964
1620,387.4179852857594
1621,542.7035890637598
1622,363.7414644061956
1623,346.88687184223124
1624,223.0399847359329
1625,100.26423072609133
1626,72.85066589149609
1627,34.59002479128664
1628,1.6788955041816305
1629,0.0
1630,0.0
1631,0.0
1632,0.0
1633,0.0
1634,6.7005966790082
1635,45.071393085062624
1636,65.38569930275683
1637,174.2954187856301
1638,292.7710760936202
1639,485.2189407635706
1640,501.8238098374432
1641,471.9764523274372
1642,614.8530307312502
1643,512.553654455664
1644,605.4909815394924
1645,630.2873802852613
1646,370.72056588744806
1647,202.86490103778948
1648,186.7750868473537
1649,89.63522575933202
1650,54.32580731508993
1651,18.75926401688371
1652,0.0
1653,0.0
1654,0.0
1655,0.0
1656,0.0
1657,0.0
1658,3.898331763313559
1659,22.01238352253277
1660,31.17239147147082
1661,63.198276744957255
1662,155.2037573997612
1663,259.090840231486
1664,321.3809655877802
1665,541.2008088517263
1666,412.69482381713925
1667,526.3151343717175
1668,263.8401046797848
1669,254.71957490526464
1670,183.52707939765315
1671,132.72757308933453
1672,161.75331899482327
1673,83.84452104020303
1674,68.85799051685204
1675,20.980281936070387
1676,0.0
1677,0.0
1678,0.0
1679,0.0
1680,0.0
1681,0.0
1682,0.396019016493546
1683,22.02916845665416
1684,56.46765148918642
1685,149.61712773301713
1686,218.87656674495187
1687,454.0584811392292
1688,463.9896001432454
1689,380.2799128371808
1690,295.74280240566145
1691,339.98653207696447
1692,536.8151275220954
1693,451.7386264685557
1694,353.473845616152
1695,307.93025447579896
1696,295.4724411047322
1697,168.25207399711175
1698,118.32955312491484
1699,42.78305419605967
1700,7.055403352357745
1701,0.0
1702,0.0
1703,0.0
1704,0.0
1705,0.0
1706,12.019783080965604
1707,39.14224504547021
1708,93.4266663365175
1709,203.8841122761491
1710,226.11442053242996
1711,237.6864854132424
1712,385.0726814026173
1713,396.1542208452265
1714,500.3367943770239
1715,500.9384579981863
1716,364.5855925336215
1717,172.3044654976139
1718,196.8421951931945
1719,136.431651519385
1720,97.02229247029628
1721,98.90391105327762
1722,61.91486941515156
1723,30.039315835400107
1724,5.950024586925913
1725,0.0
1726,0.0
1727,0.0
1728,0.0
1729,0.0
1730,14.885427491595715
1731,37.36067043598652
1732,76.79706203563384
1733,167.52733235682936
1734,189.8272783208805
1735,282.43270789932035
1736,359.24343831397323
1737,474.16683457464194
1738,577.59957335082
1739,563.2596371480668
1740,501.305105156817
1741,377.2222530515439
1742,287.12811934477
1743,257.0317463686044
1744,219.67558073132344
1745,139.63152993409818
1746,59.79918616090437
1747,38.17009016672827
1748,10.26292364450594
1749,0.0
1750,0.0
1751,0.0
1752,0.0
1753,0.0
1754,8.220678886942704
1755,43.26425804973121
1756,94.9847295417572
1757,151.7386087893423
1758,248.7391080597949
1759,371.0186347168759
1760,545.3333708449669
1761,618.2585390695107
1762,677.8759976283201
1763,641.2887415151891
1764,454.9975104132248
1765,333.23604406642545
1766,323.14629828420743
1767,152.67299331410953
1768,138.00810104583522
1769,88.6559831475277
1770,40.34832626186011
1771,31.400888580593094
1772,5.221349044421716
1773,0.4419723861177997
1774,0.0
1775,2.0864845466284514
1776,0.0
1777,0.0
1778,3.961810851913114
1779,11.469703860129735
1780,47.00464671510265
1781,128.58115610337714
1782,155.9545751645997
1783,217.96598270541483
1784,241.79641616083407
1785,416.8821925487026
1786,333.9557777334222
1787,431.3379010656536
1788,409.37741254846856
1789,446.0144601019772
1790,330.88118065031483
1791,236.75664078915972
1792,173.2426566690359
1793,98.7691150513804
1794,80.26541945247754
1795,28.818958490251635
1796,4.718164652117835
1797,0.0
1798,0.0
1799,0.0746348684826037
1800,0.0
1801,0.0
1802,1.9383825260674852
1803,34.943291531027995
1804,65.48407803365592
1805,112.36783800885836
1806,178.69850830683436
1807,239.0616600175261
1808,388.9620574623581
1809,504.3630846821016
1810,520.3189659542237
1811,609.9383531544028
1812,494.8895464425371
1813,374.9628916305351
1814,313.8459829121689
1815,200.5677705727317
1816,199.366284062682
1817,209.20980178525332
1818,108.10324887292688
1819,33.96373807005395
1820,4.720938547892189
1821,0.0
1822,0.0
1823,0.0
1824,0.0
1825,0.0
1826,4.422855582689518
1827,26.143181230944204
1828,54.51965566608823
1829,107.68000431067796
1830,131.43100363152237
1831,188.2520924186656
1832,297.64429011510185
1833,474.5374818514829
1834,385.7839469999673
1835,455.28413701224633
1836,442.6863294054404
1837,401.853922549532
1838,260.8600234056999
1839,165.95322663733333
1840,162.72195279815634
1841,176.03264283693028
1842,100.83924238909864
1843,46.76784296671396
1844,12.704904609094058
1845,0.2790346449177434
1846,0.0
1847,0.0
1848,0.0
1849,0.0
1850,22.86014273906123
1851,45.3964594912914
1852,124.84397602795592
1853,340.58208748337427
1854,473.5950501933232
1855,654.4163735051196
1856,831.5677012764346
1857,1041.2857900100955
1858,868.9270149262369
1859,819.3343911417779
1860,859.980671011096
1861,897.2376195580354
1862,755.5167738614232
1863,529.3256242702724
1864,337.68284699818565
1865,237.17247776813807
1866,134.62781832986448
1867,34.99835613971625
1868,9.030199745161516
1869,0.0
1870,0.0
1871,0.0
1872,0.0
1873,0.0
1874,27.54649510990794
1875,63.48461298848344
1876,131.2369908520545
1877,219.32030944124332
1878,280.491154755294
1879,544.2778541714222
1880,768.434174776476
1881,781.7478733163038
1882,659.8056875006647
1883,298.68686583308164
1884,345.9393907819152
1885,379.21887668324496
1886,352.2625475374267
1887,265.5057668770207
1888,237.97254570716672
1889,149.68454387794702
1890,72.0685758137242
1891,42.29811392705113
1892,9.22097675470406
1893,0.0
1894,0.0
1895,0.0
1896,0.0
1897,0.0
1898,10.951174774619275
1899,53.0872966839104
1900,119.99984265636346
1901,222.9422757112779
1902,327.8260914286405
1903,564.5891913763347
1904,566.7803533165852
1905,737.280948605061
1906,691.7147562212398
1907,760.7908287459431
1908,713.5434870945883
1909,626.7710751217772
1910,598.571865494059
1911,523.6030471522434
1912,368.3112788984511
1913,231.54639499039945
1914,142.366833574833
1915,54.93712446949735
1916,19.27086300018449
1917,0.0
1918,0.0
1919,0.0
1920,4.485240887562414
1921,10.31413179286596
1922,15.46608662947617
1923,52.09830820835748
1924,110.03393673726934
1925,243.61352725123064
1926,378.7076771567428
1927,523.2984308108204
1928,609.0489447994738
1929,751.9694621651871
1930,865.5880031910597
1931,1038.567892115585
1932,848.2508673855374
1933,802.0870544691949
1934,734.2210492704404
1935,564.4773555838876
1936,397.0040517134596
1937,245.4787052110645
1938,142.77484470444787
1939,56.74286780057602
1940,17.702039952201762
1941,0.0
1942,0.0
1943,0.0
1944,0.0
1945,0.0
1946,14.660747655117156
1947,60.56466265063419
1948,119.40276054077556
1949,195.4314968045528
1950,307.7064362179655
1951,501.48386345720326
1952,622.2692553895017
1953,740.2817592948045
1954,845.5730819628162
1955,698.0638549011657
1956,539.5828489258272
1957,716.3348636839108
1958,470.74142850852246
1959,385.8400844644302
1960,228.55086536774368
1961,103.91246589937772
1962,82.93876113819346
1963,28.91071548410279
1964,4.9436215463345725
1965,0.0
1966,0.0
1967,0.0
1968,0.0
1969,0.0
1970,3.022148789591193
1971,25.33542551960243
1972,56.20612409976398
1973,109.69368543407148
1974,165.49591842886966
1975,251.48036868472587
1976,258.2414977451405
1977,206.1747427379165
1978,348.75719204369045
1979,605.5341704963572
1980,648.8011241914623
1981,621.4435184720168
1982,624.2332005229636
1983,435.4146150847428
1984,235.5241419247952
1985,190.98335299118372
1986,77.70010282940626
1987,67.1917000943643
1988,36.62218062191906
1989,0.0
1990,0.0
1991,0.0
1992,0.0
1993,5.316078495584556
1994,9.555521169856938
1995,0.0
1996,15.301695385711731
1997,32.76529391908578
1998,51.03413409398048
1999,237.91387146586555
2000,245.0431898592688
2001,323.8184362425476
2002,305.14463112013016
2003,461.29042972572427
2004,349.0530519588021
2005,451.0321615783227
2006,393.1913179061141
2007,397.3408201393336
2008,320.6296096126994
2009,162.33899681318218
2010,102.4297372017681
2011,48.72888468275012
2012,12.960274557312186
2013,0.0
2014,0.0
2015,0.0
2016,0.0
2017,8.532900082748153
2018,28.29203705391898
2019,66.57104151541066
2020,94.257129749354
2021,213.91980694675064
2022,432.5796863237539
2023,570.2634626521979
2024,730.0899366578686
2025,760.6151077177368
2026,884.3842157282303
2027,971.692925756586
2028,756.8456156736669
2029,746.9419543821101
2030,613.184280089326
2031,442.8724860818516
2032,294.642265086807
2033,145.6750098855845
2034,60.78130673121037
2035,24.139603976051987
2036,9.397197316254882
2037,0.0
2038,0.0
2039,1.1503438430361062
2040,0.0
2041,0.0
2042,13.215085192628695
2043,45.24023798723876
2044,104.59642978399609
2045,220.29997637802592
2046,351.3826678510256
2047,489.4050360742469
2048,988.6136006688046
2049,810.9350909002844
2050,774.4224749800566
2051,944.5217032019356
2052,760.5649296580996
2053,637.701432737616
2054,563.8212831369376
2055,304.63319948757766
2056,262.1245914010772
2057,132.81289748284894
2058,122.3093007770481
2059,67.44261667416822
2060,18.17202726254089
2061,0.0
2062,0.0
2063,0.0
2064,0.0
2065,0.0
2066,18.56319546995232
2067,53.66286166499594
2068,105.94365068229048
2069,101.75502094369207
2070,122.26439219705392
2071,215.463806967864
2072,237.6287137180746
2073,249.91053566197084
2074,408.25603240740224
2075,378.0558118458834
2076,299.99752751410614
2077,263.03680979421523
2078,240.1166276923521
2079,188.62023444946053
2080,163.20755256007135
2081,85.80815554744471
2082,54.70017172178993
2083,24.556830614492227
2084,1.6354883188881146
2085,0.0
2086,0.0
2087,0.0
2088,0.0
2089,0.0
2090,0.0
2091,9.876809733267423
2092,10.928109008282142
2093,22.8235264502696
2094,98.72597430039336
2095,184.1811407715081
2096,150.06894887798603
2097,139.1241924498381
2098,174.44634404869532
2099,199.49953055281912
2100,244.998991533602
2101,231.6062257555472
2102,289.8576883686852
2103,252.45440182684524
2104,145.55056226911668
2105,110.15046565359236
2106,75.48392218622635
2107,30.31754549618788
2108,5.344922900161425
2109,0.0
2110,0.0
2111,0.0
2112,0.0
2113,0.0
2114,26.39991962473478
2115,73.92646339471233
2116,101.55254777703954
2117,158.45061941371088
2118,140.62605053187906
2119,271.4790478835877
2120,605.5899033858236
2121,908.900094841954
2122,775.0013515072045
2123,685.9912351552211
2124,659.9757977599672
2125,688.0370200735822
2126,553.7652584365798
2127,263.549216674016
2128,223.2913168869078
2129,155.9360204816225
2130,80.5690588397199
2131,39.01000028047176
2132,27.329206264652463
2133,0.0
2134,0.0
2135,0.0
2136,1.2339844290856128
2137,0.0
2138,14.678639235025358
2139,36.786465218359965
2140,55.8498423830426
2141,68.78188039265359
2142,70.51164699792788
2143,126.2428206980403
2144,191.30343928788264
2145,254.45123717248063
2146,426.23896905069154
2147,545.5101053088223
2148,610.4835052984815
2149,561.2885775712039
2150,334.29791024864363
2151,260.91261092809725
2152,153.23729642805492
2153,115.30780933198844
2154,75.55189969266686
2155,41.12444890776899
2156,9.156463874148638
2157,0.0
2158,0.0
2159,0.0
