id,prediction
0,0.0
1,0.0
2,0.0
3,0.0
4,0.0
5,0.0
6,0.0
7,0.0
8,0.0
9,5.798403637272732
10,0.0
11,36.35682681862803
12,42.28256758650052
13,25.396243259516822
14,316.71540173124936
15,833.8047219951158
16,117.14739861752356
17,174.52164411459657
18,257.8457186036636
19,257.7103144691431
20,1477.998193258763
21,2455.50614076932
22,451.8883123389784
23,460.6050198625129
24,507.17610901656616
25,531.5060369539373
26,2699.6417870263767
27,3003.832370341535
28,562.5200827391319
29,522.2802569984215
30,505.40318745194185
31,545.2061462190685
32,3009.2494930914754
33,596.4106072299285
34,2931.6632482071946
35,596.5692230975552
36,2513.3725740562545
37,513.9443733995244
38,455.0417331112608
39,2184.1779246862666
40,371.0854388492252
41,332.4001328357067
42,299.31485655732274
43,2267.2006838470807
44,363.7371141703143
45,251.05389688331653
46,1548.6263746103464
47,263.9896029932537
48,193.7805237994193
49,222.44086116067524
50,1237.6241397555302
51,107.4695488931965
52,609.8834527841437
53,109.03023230206598
54,56.00807047093178
55,286.4171716359775
56,86.75789048333235
57,34.47019681034775
58,43.05215616400566
59,21.341973804394264
60,0.0
61,0.0
62,4.464500467522684
63,1.579086032419914
64,0.0
65,0.0
66,7.54665801870073
67,0.0
68,6.406432548809138
69,1.0617678434285107
70,0.0
71,4.454343908704391
72,0.0
73,3.46840289457701
74,0.0
75,8.56754294764059
76,2.431061940756223
77,8.451983613716003
78,9.870212992715054
79,5.353201659009954
80,2.552081981058918
81,19.858130528515385
82,32.833077484858784
83,129.0844295919332
84,103.32101507469564
85,613.9917791582762
86,66.30708103511729
87,1442.470109987911
88,246.03068228744488
89,148.0971529950165
90,1882.7617927486915
91,256.6962836805164
92,316.6452907921121
93,2372.660923074713
94,431.2074188226719
95,409.0542775068916
96,3580.614173033621
97,609.5902638970683
98,516.8562640975609
99,686.9315636023861
100,812.3858880468756
101,4132.696682264818
102,3810.706093841895
103,755.5690119176704
104,706.0134059452683
105,616.2748444684789
106,3671.9316316373074
107,708.3318892679931
108,675.5750326200815
109,3551.5251255153207
110,708.6214384979523
111,590.5394928523634
112,2912.276568558469
113,589.3840938125087
114,547.1530814876502
115,529.1651438935005
116,2656.0290647898
117,2665.7461824819547
118,451.5129718126014
119,460.9431715242372
120,311.0731525454451
121,333.2331592454847
122,1959.9518411040049
123,979.4165605119438
124,198.82885922706305
125,127.8870265334717
126,76.21285123931119
127,107.76617794445647
128,478.3652051149601
129,68.1470896067063
130,30.12021164338733
131,171.91680165830456
132,2.8318803155609507
133,13.61298023351437
134,24.58363124085626
135,10.490088801160017
136,12.158238716080575
137,13.11705072165162
138,0.0
139,0.0
140,0.0
141,2.064519833626707
142,0.0
143,2.43351438757194
144,20.15857487359902
145,11.228210347853786
146,0.0
147,19.61051276079801
148,0.0
149,0.0
150,0.0
151,19.684762003035456
152,56.41492293862319
153,310.0427410233432
154,64.43947567239137
155,36.47765954523185
156,44.58466398987381
157,623.97359292205
158,127.77732350660628
159,299.5178644199563
160,1525.270490020684
161,196.2068566858088
162,392.96562333509246
163,2624.9760705093354
164,475.7659420026004
165,755.9327687788078
166,3644.994154905028
167,562.8951852226353
168,4043.9869183626834
169,733.7998931273111
170,797.6499135031688
171,851.1710594312422
172,4540.917702453891
173,872.6196297629324
174,989.1531649226466
175,4792.762264705943
176,1064.3825102204578
177,970.3006455510632
178,924.11609379764
179,4523.454283077478
180,981.3262979346796
181,869.9644165895689
182,4197.690690915233
183,766.7953888371358
184,3541.106046895827
185,827.917394600784
186,2937.055159052989
187,691.3563623145048
188,667.0385986776812
189,524.1599333525329
190,434.924137828792
191,2130.647090775283
192,1112.3953030637615
193,209.44531899355013
194,265.94619754434706
195,189.4956805099328
196,180.3014522202244
197,658.1850302470377
198,464.4015606898307
199,109.08772623123534
200,95.60134454811218
201,19.899617431886625
202,18.705219296888977
203,130.89361142816026
204,0.0
205,0.0
206,0.0
207,0.0
208,0.0
209,2.7128960738215837
210,1.4653399231608102
211,0.0
212,0.0
213,0.0
214,0.0
215,0.0
216,2.207368718530605
217,15.827054699846196
218,2.992195806110826
219,9.098784370174284
220,1.166421281297807
221,3.8077840490540167
222,9.925926264024092
223,25.98493431420074
224,26.56196152173506
225,28.341865360142304
226,41.04438782675999
227,155.95848282304763
228,57.827824150837785
229,329.62857690601874
230,80.37598378257803
231,149.67816654600747
232,956.4581571578032
233,243.64571643065577
234,460.379124890217
235,2276.703107740035
236,381.4013311638714
237,591.1244036441221
238,3460.4657592831927
239,618.8603115189795
240,759.0931316249008
241,692.3316618679612
242,3642.874208669628
243,758.7801337147117
244,690.9319226374129
245,3587.2557315566287
246,708.5516172876678
247,731.9390862105357
248,3861.250210106803
249,4116.069197404033
250,717.5922660909808
251,675.9588008419381
252,667.5793028574492
253,644.8816856049051
254,3576.16716517012
255,2710.4107030893138
256,546.3405944259695
257,492.4800162680644
258,397.1385951352351
259,612.4010848121856
260,2794.50911898151
261,648.4973457140429
262,2722.8845949303472
263,615.3423057384471
264,2051.1324293877
265,300.0783762611609
266,314.2104462684361
267,1002.0284566928188
268,190.16714592528317
269,217.25054481541807
270,81.81710886556648
271,86.93810354159099
272,360.7572329542068
273,155.55712426397548
274,61.0229595468939
275,33.06418511795564
276,4.77242873074784
277,10.776682881485982
278,9.289107375916773
279,0.0
280,2.778476616988251
281,3.327117669492085
282,0.0
283,0.0
284,0.0
285,0.0
286,0.0
287,0.0
288,0.0
289,0.0
290,8.79832099492506
291,0.0
292,0.0
293,11.546259862968864
294,57.10413810529848
295,0.0
296,17.2674472942115
297,77.06293262420157
298,50.13612226236654
299,301.8309555929322
300,558.2387131644974
301,75.43356757924445
302,146.52201000946908
303,176.15909797832742
304,276.77462448103046
305,969.5275950856482
306,460.6574156678864
307,415.0410310435784
308,2566.5153246879977
309,767.9759089393202
310,616.3852123294064
311,3253.359818566806
312,4259.38132901597
313,855.4599177293348
314,775.1055361052676
315,4466.018716422828
316,871.4346427062527
317,867.5626960394806
318,4506.821176285114
319,961.4604120261548
320,1071.811819478762
321,930.6224029478792
322,1061.4853752189206
323,4587.271512413884
324,4560.835939273067
325,990.8818655817552
326,799.6450249307111
327,830.8473020721417
328,896.3293494625652
329,3919.2577822175535
330,3540.603387435882
331,750.4708957488753
332,704.7523063489025
333,533.3937789259633
334,2949.8543069949337
335,560.068365728114
336,333.6983095753029
337,2104.391713425386
338,302.3043977958133
339,216.5064474642704
340,1088.6317984528737
341,195.28508879850045
342,123.49144313727815
343,483.5737745375178
344,119.24210291982224
345,35.12811581868567
346,191.18520968517052
347,54.90375515262349
348,38.15305017352864
349,0.0
350,19.154647791110825
351,0.0
352,0.0
353,11.751611172291716
354,0.0
355,9.099501091692066
356,0.6955020988694463
357,3.029200992667964
358,2.575726864047435
359,3.605531094330192
360,7.803272509289955
361,0.0
362,7.171866506542194
363,5.96283867427993
364,0.0
365,2.7274193090224808
366,30.64549586896537
367,5.62285507207072
368,83.67601365332392
369,302.0936278231126
370,33.44129823906352
371,57.63927400373351
372,165.33668145442508
373,54.49477965256335
374,680.9123707556315
375,1788.7252347700232
376,360.9629745414025
377,237.63126178944705
378,2581.242875596484
379,540.4094118127564
380,411.3923651359728
381,3652.136549801965
382,681.8732828519481
383,505.1964415784193
384,747.7321057636522
385,4132.562629185006
386,815.3688257162801
387,851.6823751636823
388,3898.864401323886
389,795.2774867233522
390,729.6528687957085
391,3466.750425150808
392,725.5100745573224
393,687.5575236044987
394,3277.4541535128465
395,634.8339724121035
396,2860.315466842829
397,611.0592389323265
398,665.0929277772026
399,694.7568291665303
400,2893.6645552062378
401,799.5008886047217
402,623.2320315198623
403,645.9928804713182
404,2976.4908282054
405,525.8214491680303
406,2697.5807240368613
407,509.8872569529138
408,347.07161010172854
409,1683.0566368779507
410,319.81408258926206
411,169.69898805276986
412,192.8762117683173
413,843.8010828957467
414,101.17539078544552
415,99.06086412687662
416,460.5286031142044
417,32.416296631720506
418,36.50920709867259
419,183.4045926789008
420,9.419521953136536
421,0.0
422,20.725254425903945
423,4.229233060093294
424,0.0
425,0.0
426,0.0
427,0.0
428,0.0
429,0.0
430,0.0
431,0.0
432,14.824493847735592
433,0.0
434,0.0
435,0.0
436,2.974716223531238
437,26.31809154069028
438,20.632882576116355
439,101.92496410908755
440,2.6178996858504027
441,337.75142029309654
442,68.17993723736323
443,38.65619173137816
444,663.8607604760657
445,161.79724174442896
446,45.28719484746063
447,223.85237477091533
448,1848.4831247386535
449,397.4210657152847
450,435.0900270970884
451,2800.890651338112
452,559.7086806752163
453,658.932069664039
454,781.3962245220541
455,3761.313572258196
456,850.4720003572199
457,4087.953295369009
458,787.6565841766966
459,825.0500778873765
460,4050.818874818756
461,844.7465259330517
462,853.2020165495985
463,3865.024160359173
464,839.4260350409994
465,773.9855759268511
466,3770.75208561568
467,778.5764403020356
468,724.2939207984335
469,755.2183149812935
470,3508.114790074247
471,3208.362592932646
472,726.4664762024424
473,716.2813667697496
474,651.4576710772147
475,585.1066188465535
476,2862.345135363397
477,2430.202988140269
478,466.7582280988584
479,538.5787076008912
480,373.046045128284
481,335.4992517277768
482,1741.5380470099124
483,789.9932684776746
484,241.6556712724375
485,192.0823997728483
486,113.34552687951184
487,110.49372756862634
488,485.82800697651896
489,46.802188488183184
490,162.81812203143417
491,39.67138750922765
492,15.93755525743958
493,19.00502110627756
494,13.700152769264625
495,2.887026770768215
496,0.0
497,22.0099119171388
498,2.0264992160625663
499,19.97816321854685
500,4.328862144333502
501,0.0
502,17.568788345720243
503,4.357234900096448
504,0.0
505,0.177577532468109
506,0.0
507,7.003453260259344
508,5.282952738077781
509,3.4554332765579163
510,9.31789494800785
511,31.41041299205187
512,25.655337815912077
513,11.142256857655996
514,123.14744023659972
515,40.63357214871966
516,38.431262103203935
517,242.49721590307453
518,60.764041538923095
519,69.89318081735348
520,50.793250016426335
521,325.1923266325909
522,422.00877266782754
523,47.83012131897542
524,58.65123903506228
525,85.5846815557658
526,88.53049863366152
527,567.4555493609189
528,736.4927914645073
529,137.95039494396653
530,163.96513075584997
531,150.8380676897655
532,179.37818702696086
533,762.5975388811295
534,245.79012486188117
535,203.39727086897145
536,949.6099120661498
537,293.60853388472304
538,1097.992672477403
539,246.93424387177305
540,373.1285137799137
541,303.91212166442045
542,1425.0248100413296
543,476.5803563466077
544,438.0734515874457
545,2239.8491064178675
546,2213.6731990730445
547,529.2561182718421
548,451.3863533627195
549,1970.194384402541
550,366.2192920243063
551,370.3518650893994
552,1282.965321250446
553,247.6197924482353
554,284.9036167915584
555,146.22871959213813
556,173.57938015660156
557,748.2345829455096
558,367.5136457717896
559,103.1060531048616
560,96.23761490984192
561,51.09087255287827
562,170.51819119392047
563,39.70183770784296
564,16.00771343256154
565,30.70293225237161
566,17.16182151505243
567,0.0
568,0.0
569,21.14641739538938
570,6.71308115800617
571,0.0
572,0.0
573,1.231698361153133
574,0.0
575,0.0
576,0.866380419891505
577,0.0
578,11.78452272810311
579,18.20673815681573
580,0.0
581,2.335198615805277
582,14.11873519758375
583,0.0
584,57.74680949701961
585,205.3766816388261
586,57.1306548554835
587,26.607422457831287
588,62.77093166321434
589,106.28563340815911
590,365.3884580274394
591,181.1423351043707
592,969.936113381882
593,115.20395158057804
594,1026.806836926788
595,229.45986279386923
596,247.5050400124155
597,1971.4447775336628
598,408.70679106182246
599,332.0696939948291
600,2722.511610353034
601,516.1329193474136
602,544.04383080086
603,2830.71361906133
604,518.7352112350113
605,543.3152297131224
606,618.501620190401
607,617.8450064376694
608,2826.278447844408
609,2783.2551849171227
610,658.8377905160813
611,668.150329847555
612,624.1776488657274
613,2504.2465661082715
614,516.1340001802627
615,671.5042277575477
616,2768.854536353785
617,588.3652343801677
618,427.31994736056
619,2212.8154804696096
620,411.0986806634909
621,350.68935634650103
622,298.0298817051614
623,1713.7309543528645
624,1138.4524098086356
625,282.73569464084227
626,248.01884063181024
627,147.85133464172546
628,166.9784691861343
629,477.0744440476475
630,261.6662882574548
631,74.36407787623234
632,74.36124564121282
633,13.507113073476944
634,22.41196963583303
635,101.9268323279788
636,3.875258405412137
637,1.3305631029802996
638,9.54524362526585
639,1.899586966577808
640,8.172397604536545
641,0.0
642,0.0
643,0.0
644,6.633813591838364
645,0.1272817566561519
646,0.0
647,11.657320069804287
648,10.308025840640688
649,12.023885551067696
650,4.222163107774835
651,12.435244143007456
652,5.956949080607472
653,4.125113526579065
654,35.79606389937224
655,15.126094161916338
656,14.317116775072062
657,26.932845295455333
658,36.69835153606533
659,148.19215769949415
660,276.45237620597146
661,57.402824438006746
662,50.63706034720528
663,70.91614562447101
664,345.23256695077305
665,82.38953580489432
666,120.60290605509262
667,480.77058170918406
668,105.2983106565819
669,181.5577867986217
670,893.2052667948682
671,208.84499346350788
672,391.13546490302633
673,1775.0438708281697
674,337.7091730779235
675,2466.70916647947
676,483.7043351612369
677,573.1679785315923
678,473.4494051061805
679,1920.902034709452
680,482.55646102257856
681,498.3567402689723
682,1893.6409889366892
683,485.8375164140425
684,362.0479645034167
685,341.327578917501
686,1272.244064627626
687,236.2547029712265
688,211.2776415077608
689,871.7188732736449
690,174.49839103242826
691,759.2584573661542
692,189.2165070443664
693,637.8278458558913
694,158.9715458386373
695,158.32951819596798
696,116.9978095585106
697,116.7955268833592
698,566.8809562667875
699,326.5514278448318
700,76.31607030209483
701,71.4123781245383
702,61.31443687569299
703,58.36000847949292
704,147.98681078751483
705,99.67674107165602
706,41.55885739929569
707,31.371901116800192
708,4.322579187221101
709,14.046991893170109
710,17.05704746467691
711,18.608939085458207
712,5.631645028174645
713,4.083411057926434
714,0.0
715,0.0
716,6.965816557789284
717,5.120315151865788
718,3.05405778342156
719,0.0
720,0.0
721,6.28569042393834
722,1.0556986506090498
723,8.132369072508197
724,15.902776442417188
725,1.5144514588294928
726,49.846159565182575
727,5.716109597318506
728,10.311572897440596
729,24.108187975785874
730,128.42989360982884
731,26.75169972817945
732,37.56930375450101
733,54.50726638650968
734,283.79801351330804
735,110.98142625671407
736,926.9904785487048
737,164.88050131248778
738,217.56612228705407
739,1064.9701821730646
740,264.3115722344088
741,278.02186182097574
742,1893.05220521989
743,293.5178313013955
744,512.4847052338757
745,2231.4840024715977
746,541.1500858194372
747,572.3147720655264
748,456.3814847893607
749,2285.209323176161
750,397.77783217223634
751,390.1522888883503
752,1551.1564878021752
753,512.1968650157278
754,406.6841969340476
755,2035.49357422592
756,2145.574219316854
757,526.6463531586156
758,513.1760880755405
759,497.7203131893009
760,516.7753985418097
761,2022.887817731675
762,1809.549194619733
763,399.14326764500527
764,352.6730242258892
765,371.1482200865775
766,334.7686026232782
767,1575.3421859983605
768,264.46126724797017
769,1286.8670407372438
770,342.3563991249255
771,666.6851496315572
772,152.84414411860595
773,220.63346386344728
774,538.6000169678854
775,152.05348551604916
776,150.7382248977011
777,282.61476275553053
778,77.23347647801454
779,90.49895635174732
780,79.23993666846384
781,28.983779812978412
782,22.74868069664863
783,5.215133156482104
784,18.665380469590232
785,6.773048633640628
786,4.362437983812078
787,13.060813215426496
788,7.964911974665646
789,8.453337979295853
790,18.86263502423924
791,8.854679431111883
792,0.6972242312228563
793,9.341960309180768
794,0.0
795,0.0
796,18.577141727202704
797,4.069623260835516
798,16.640613535359847
799,0.7858423766542249
800,82.65960119626985
801,217.2135055331713
802,40.81177243564458
803,64.88239089347108
804,123.47126042734536
805,84.59807721917574
806,322.0444733479079
807,1049.2298297228256
808,204.22400837160652
809,276.41872938464314
810,345.72481152062613
811,326.4966122619603
812,1214.28660519425
813,364.3543652640241
814,287.82014305298515
815,1730.2860038043857
816,582.8024094269034
817,462.8809957081315
818,2120.5245820288505
819,2464.3082945983406
820,580.8873764215679
821,542.6191983343255
822,2077.776155542369
823,543.5043068632948
824,502.03335735659874
825,2032.96163674699
826,568.8425918227325
827,552.7173242259919
828,465.5705804361058
829,473.1498944445639
830,1960.4000158032136
831,1424.2165874542743
832,315.6339581093497
833,232.98437363954747
834,252.8685971520684
835,374.6587885525701
836,1402.14586881431
837,1138.6614997640952
838,234.8169998714955
839,247.826437040886
840,185.25950903062557
841,729.5089064653573
842,152.85563303006998
843,110.36396998356622
844,267.17758077582016
845,141.94390489050193
846,83.20814180645752
847,207.05730405640213
848,78.02144190779532
849,36.14115580612609
850,69.79050206614279
851,20.476672956976486
852,16.98309215791784
853,29.84316412374523
854,21.946255493555157
855,4.70039076881116
856,4.670309162239838
857,17.444509361098557
858,26.28812069132972
859,1.072554531715653
860,19.72036751550012
861,14.559075851747377
862,25.80461026375581
863,26.08370071903064
864,2.762628819779274
865,0.0
866,11.520883236845066
867,5.023816496808304
868,10.91827433826518
869,0.0
870,23.14436485202158
871,6.973512071688959
872,94.99797907863726
873,75.77836807848469
874,35.24009146524015
875,257.8949843501877
876,404.00250283487935
877,67.30911903750403
878,91.71028923614033
879,157.2643707515106
880,139.603434510623
881,881.4467446449619
882,1015.5608521422512
883,300.1287868713255
884,184.42443761801488
885,1789.8976645400685
886,350.59222816310177
887,295.6051473421562
888,1593.5598805885506
889,384.25877107658937
890,343.3963563395976
891,505.6072669475628
892,2195.524437290251
893,512.5613307855289
894,425.3102824955884
895,2000.974432719307
896,349.33683658115774
897,469.5260147109951
898,1946.0929432182909
899,452.1434874410378
900,459.0053814375575
901,1877.772670686076
902,436.79893736439766
903,1618.8118238952509
904,402.3545103506956
905,406.3589357685132
906,323.47707638035024
907,1710.8939113778558
908,375.21354242374446
909,272.7361266658596
910,284.2443505001462
911,1406.7062000082
912,222.171456158123
913,958.218465383466
914,207.5017675650745
915,196.3634384267755
916,686.3146622554251
917,203.37568636701337
918,91.9335714399854
919,90.1161728695789
920,394.19959699907423
921,52.651103191850055
922,49.61927252302827
923,223.14497912178797
924,8.418426499817276
925,8.281151718109808
926,54.43123258928016
927,4.929725921126193
928,0.0
929,0.0
930,4.953816426253765
931,0.0
932,8.731107317137234
933,11.822714638979878
934,0.0
935,0.1512584251863948
936,0.0
937,0.0
938,1.6743154518159864
939,9.251265462689611
940,9.800792906510754
941,0.0
942,7.539288237382183
943,18.186862605666725
944,47.4007870157539
945,52.82866819126319
946,182.2614658199803
947,41.93621256652652
948,452.180978224963
949,122.77646345424
950,135.65614963629497
951,658.1644268347227
952,207.5703895348096
953,160.05072139175073
954,300.7405293873246
955,1008.108319832796
956,259.3326261812441
957,297.7589057549228
958,1897.624987650836
959,313.546695539976
960,470.62652737686966
961,367.14790767702607
962,2452.835337362427
963,627.4219090259635
964,2605.3157523463137
965,645.5102914116765
966,645.5013039478553
967,3005.6653532276464
968,694.390038046599
969,686.8851424335436
970,2574.064419799952
971,613.9650404790974
972,531.1865264355199
973,2091.951367854208
974,618.8037720799937
975,425.6943887557173
976,424.74294191091656
977,1683.8108702395862
978,1268.186771771528
979,292.1213216911167
980,308.64117079507474
981,136.16691379064684
982,113.24268641665611
983,746.0558379267949
984,639.0007115569248
985,116.30352833181357
986,138.21445809064247
987,119.32077976659116
988,117.47149948841688
989,440.8257208158912
990,137.52948387633177
991,66.18805093122785
992,65.44076111346101
993,39.98151518756285
994,49.18366453861398
995,102.36433746919766
996,28.476940831609976
997,49.0164635349579
998,24.679598269977262
999,9.973143647844235
1000,12.659171857894318
1001,11.857159349572878
1002,2.1556406526953245
1003,0.0
1004,15.266013337862436
1005,0.0
1006,0.0
1007,0.0
1008,0.0
1009,1.0983102175740624
1010,0.0
1011,0.0
1012,9.20511426872852
1013,0.0
1014,14.026721328335196
1015,11.730753737870243
1016,1.2070749392030562
1017,11.00413434730871
1018,72.65619339628317
1019,27.998332893828124
1020,42.41148996181202
1021,220.02367669770877
1022,68.10781852131754
1023,89.42833964487068
1024,514.8818475325289
1025,147.3011292736616
1026,234.22757577682768
1027,216.249047305045
1028,896.8064600639664
1029,1086.9606476496233
1030,214.37277052566785
1031,227.6109006798668
1032,331.2269412077584
1033,304.6785687342981
1034,1142.5196312136643
1035,1732.351607413462
1036,359.3719033112563
1037,382.4479160487364
1038,373.2830738123429
1039,366.82948419783486
1040,1543.9313776287772
1041,391.03664052151856
1042,381.72984760251217
1043,1740.9524986000476
1044,357.0323104075736
1045,1700.2690304339983
1046,326.1595772805377
1047,388.9876134474892
1048,311.89464997238167
1049,1640.9737633661873
1050,282.8522377566763
1051,281.9182522072432
1052,1436.8870860009758
1053,1236.9574074459913
1054,233.27852783416932
1055,245.44578405923255
1056,933.0384914717292
1057,206.54351328522455
1058,192.4626839605354
1059,408.6171284869393
1060,136.35475788948696
1061,129.70686395913532
1062,81.01367213987497
1063,67.31234458341902
1064,250.4032556233097
1065,137.9407792566728
1066,37.03847966543463
1067,36.91381856820552
1068,19.83361516406084
1069,32.1047516696897
1070,12.657776801633435
1071,0.0
1072,0.0
1073,0.0
1074,0.0
1075,0.0
1076,0.0
1077,0.0
1078,0.0
1079,0.0
1080,0.0
1081,0.0
1082,0.0
1083,2.8693265122855545
1084,7.277008923494008
1085,0.0
1086,1.074869768472002
1087,12.502510600312132
1088,30.094581874995157
1089,153.0585691142625
1090,20.59035235698894
1091,43.72977839788463
1092,63.193308653477445
1093,335.4669314270558
1094,101.29506066035854
1095,681.6252871973845
1096,112.22778493840708
1097,162.11358336369992
1098,1029.2259337771416
1099,192.33817903689425
1100,213.30791440976964
1101,199.96748408768556
1102,1103.3086630367063
1103,201.932445831993
1104,295.65360377067606
1105,1374.4538255841333
1106,300.8710433325073
1107,517.3696286048634
1108,2105.065578890805
1109,517.8719590063243
1110,542.7176586267749
1111,526.209548041957
1112,2077.237815576801
1113,596.102028773817
1114,535.9840456787582
1115,2071.3781723774428
1116,550.0740736844834
1117,559.9299693078591
1118,1973.3968345197363
1119,458.0821895517406
1120,1631.7576597228228
1121,395.09166520105566
1122,328.1801836056294
1123,1284.4148203052634
1124,323.5839134076866
1125,1102.272277230971
1126,235.4505858531749
1127,268.0775975500153
1128,836.9906575446214
1129,221.30685761087733
1130,192.87519860713653
1131,760.8544345264181
1132,201.7317276814874
1133,189.1190418682448
1134,117.45552178636731
1135,400.6895455500104
1136,105.96565127154078
1137,57.97242472788763
1138,161.95368151230076
1139,53.71993935966392
1140,10.260309884364382
1141,17.638522041548658
1142,24.27043898012417
1143,6.530969939936639
1144,9.629080513811886
1145,4.788426575866349
1146,14.901092540767706
1147,0.5722120968117084
1148,3.0742505238448503
1149,2.7683550062685667
1150,7.851904083115367
1151,2.773610199472423
1152,7.90272247691568
1153,0.0
1154,1.5465459682919374
1155,30.958276608073717
1156,7.210407169206534
1157,8.480632103058255
1158,9.402967926464443
1159,31.759918849734976
1160,34.85290533016837
1161,25.95707018430489
1162,48.672598921218494
1163,126.54888805332624
1164,270.56508773382654
1165,68.72378047937075
1166,92.87339538237264
1167,111.5631028209309
1168,540.3849095727016
1169,91.34643771182014
1170,624.3078631543849
1171,143.7265495692025
1172,147.32579293880414
1173,902.2792845190614
1174,197.30278578192704
1175,171.92903501884754
1176,1129.5712150415543
1177,277.3585141753417
1178,260.9891278257587
1179,321.4376178347674
1180,344.9167330754432
1181,1213.2736685417497
1182,527.4954256842649
1183,1580.2326992328449
1184,489.52172693653694
1185,471.3616703454202
1186,1630.8688484382967
1187,475.79168548963673
1188,452.1527510962001
1189,446.9920905770787
1190,1704.3317869414927
1191,1626.033407581109
1192,346.9368282057188
1193,413.0826953447828
1194,377.53502240875815
1195,1642.142005849022
1196,378.4078277404417
1197,267.24272709995745
1198,298.61001482155115
1199,1093.2348207053503
1200,238.61749840804512
1201,815.7655802958385
1202,163.14389515739146
1203,166.68726894739405
1204,198.7663367200424
1205,624.0763365384249
1206,348.8208672155123
1207,107.45455865688976
1208,109.0143196798882
1209,50.563205221122686
1210,61.37773447579264
1211,156.302323413878
1212,29.2270768534498
1213,64.91283084313909
1214,27.090793605868075
1215,3.4532402257525883
1216,0.0
1217,8.89393310099154
1218,11.664138122616222
1219,0.0
1220,0.0
1221,10.964052092226222
1222,0.0
1223,0.0
1224,10.5143324627661
1225,16.73512308101825
1226,0.2719123225495981
1227,3.598013326975363
1228,22.954104093202247
1229,7.229897277621073
1230,18.89874800853099
1231,123.0858605902698
1232,6.57483018710495
1233,359.5577591239977
1234,104.20280643032362
1235,56.6480189346554
1236,143.6403054124881
1237,225.08021371940444
1238,800.5332299797058
1239,352.3068818265108
1240,1875.829792566882
1241,438.86988034604553
1242,567.0547135468196
1243,653.5902066190212
1244,3156.760172438296
1245,765.7809840461417
1246,867.8106785670007
1247,3914.208925010165
1248,870.4474644204091
1249,1020.5231945847283
1250,4527.481295857273
1251,1096.8215140874115
1252,1148.316724983262
1253,5017.392711818517
1254,1060.476412841797
1255,4863.689401958977
1256,1174.3133485882238
1257,1230.569597874589
1258,1090.5071769343376
1259,4801.788540231795
1260,4481.730165290257
1261,984.7539666660002
1262,1112.0919465376512
1263,1060.4248062074362
1264,985.177808151451
1265,4157.101202769028
1266,699.8818102690075
1267,3430.875241851867
1268,769.3275894245122
1269,2916.67678196178
1270,611.1101052532005
1271,565.6699947832011
1272,2257.934043924904
1273,434.124291532793
1274,479.8279504146738
1275,255.87964358398293
1276,254.23327870256097
1277,1317.9933729914685
1278,580.8177812530466
1279,161.9495390588066
1280,167.89849364648032
1281,87.28748910091699
1282,331.8810366184187
1283,74.79560953488809
1284,30.57086075353965
1285,60.22673410324222
1286,130.56856075745043
1287,4.682670795066165
1288,33.479790258961884
1289,16.57495779782824
1290,11.153603881907912
1291,0.0
1292,45.80443037461652
1293,20.68230094243527
1294,0.4226966317511706
1295,0.0
1296,0.0
1297,7.246330386981971
1298,42.76317186479013
1299,54.32880631799912
1300,6.234318845275417
1301,36.25199602443933
1302,73.9840947726325
1303,12.126699937399716
1304,118.5628002540184
1305,115.87016911507656
1306,365.0192403437704
1307,45.89236057861035
1308,76.21743187122307
1309,672.2985240989906
1310,161.2876078530224
1311,296.5438411194788
1312,204.19591501629935
1313,1446.8697959344147
1314,353.4329538288858
1315,499.5448694029045
1316,2178.0880384248835
1317,783.5535808728915
1318,669.531241993312
1319,3044.2149542035613
1320,962.3279055708484
1321,765.6453125407459
1322,4029.1126606581215
1323,800.2725256994131
1324,4121.402906057027
1325,927.3894399634644
1326,3938.38914288902
1327,900.3111415215814
1328,905.78128474001
1329,750.451862758956
1330,720.5129390873652
1331,3133.1151625386274
1332,424.6071439631955
1333,400.90080484719954
1334,1777.6548529799368
1335,377.93774404212434
1336,397.2482069361668
1337,1216.0194972615773
1338,233.8456272035039
1339,876.8913205232525
1340,237.67158814598403
1341,160.11964744094175
1342,941.8003601027772
1343,211.4522934548897
1344,294.28069180138846
1345,1185.5719562788358
1346,269.4180342939404
1347,667.9334688779336
1348,193.96948179433085
1349,155.0091862279983
1350,93.67783610311054
1351,113.86850908161324
1352,271.85117573533176
1353,97.20087099390182
1354,169.8066974145283
1355,51.89131560997991
1356,75.3636135422935
1357,47.69111367926796
1358,96.88757206590977
1359,22.046337988678182
1360,40.72296716537346
1361,22.20582312102659
1362,13.858967204816189
1363,20.36508140069212
1364,62.92791193265258
1365,53.00036809739144
1366,16.190373233155267
1367,16.85258183752883
1368,19.54417425231553
1369,63.16779746303094
1370,5.408062641548088
1371,20.45142322501069
1372,10.72013367805479
1373,85.30041247963544
1374,123.15855473149983
1375,39.40501557888499
1376,87.00770077214042
1377,58.454036263251936
1378,127.52442975269152
1379,219.51138445316877
1380,89.33330206537285
1381,356.5499198781365
1382,147.22325742700124
1383,253.6080379347467
1384,960.5353186145352
1385,187.0953230097996
1386,1905.0260874876055
1387,385.1679558098349
1388,303.8433747367415
1389,677.5672047011736
1390,722.1163126282958
1391,3390.4066631895967
1392,733.9361090709987
1393,801.6075471561206
1394,3691.9268956925375
1395,816.0165945098869
1396,744.6340738088791
1397,3895.7503746184266
1398,3752.708577951284
1399,630.0758426306877
1400,763.8085604471003
1401,749.7688606662299
1402,841.7494676578867
1403,4421.103515063869
1404,796.1703560868143
1405,823.8519815994654
1406,4499.063486515182
1407,748.6042014680801
1408,3893.251294319476
1409,801.8642202678924
1410,646.4141387845441
1411,3265.443424595168
1412,681.4661604535819
1413,613.5305030049096
1414,2989.2725563487816
1415,579.8489179377751
1416,391.08450806856064
1417,2152.844303265796
1418,394.49468409557096
1419,1168.8550523025217
1420,221.4909137914177
1421,261.8238495377795
1422,546.0149620261591
1423,152.27342928913308
1424,146.5036540688296
1425,57.58418275011931
1426,336.1965865881816
1427,79.25100747535906
1428,119.25329870804777
1429,12.815305713693116
1430,68.29489303045001
1431,0.0
1432,0.0
1433,65.33712590859471
1434,0.0
1435,46.643094954888205
1436,0.0
1437,0.0
1438,34.50907222583759
1439,0.0
1440,69.88717525629224
1441,1.2286175365933705
1442,0.0
1443,102.55458465290587
1444,15.02180603541818
1445,53.28238397939434
1446,23.099636513485947
1447,169.59914212089487
1448,99.48595347009334
1449,40.949279603199095
1450,320.9489065042469
1451,121.86734137255569
1452,220.6860409304816
1453,667.1253567580263
1454,102.17638300816778
1455,364.8284640719429
1456,1592.3757425005867
1457,215.1566646459605
1458,2476.160580965955
1459,442.2137292570964
1460,522.0078285402359
1461,603.2354913003435
1462,683.6107798944963
1463,3558.510744547489
1464,4384.293265409633
1465,757.2703989097866
1466,866.8769875342864
1467,995.9361365235106
1468,875.6472029745355
1469,5017.000109862777
1470,977.1887236426904
1471,1056.1403851030452
1472,4829.529452260678
1473,4758.7611328569765
1474,1007.5853155751288
1475,982.8683180329658
1476,982.4126838655268
1477,4464.7496812549725
1478,918.3416763865362
1479,3959.521894261343
1480,890.1609970558353
1481,875.2270312748709
1482,3349.4041607610934
1483,687.3388800272395
1484,618.8988572820572
1485,2819.6481509136315
1486,576.085565838761
1487,658.2500030538761
1488,461.58682211717417
1489,2184.3968839276267
1490,450.0948080671365
1491,1194.6027069988663
1492,266.2881442917358
1493,272.0432265030862
1494,143.55475796432486
1495,114.04076092683104
1496,559.499815791197
1497,323.63046876561265
1498,54.42802848125523
1499,79.87854342145584
1500,24.17124984954906
1501,59.80691882273223
1502,124.68345032766764
1503,4.767640006734482
1504,0.0
1505,24.41880059182509
1506,41.73339088028379
1507,3.3618108124061488
1508,0.0
1509,32.266245172563174
1510,0.0
1511,0.0
1512,0.0
1513,2.3641999316732534
1514,33.107534118257384
1515,31.266227523592168
1516,57.07312954434934
1517,9.126794620633746
1518,28.908263966935547
1519,141.75863798116345
1520,63.32790967764657
1521,131.55314413333323
1522,365.3738834697196
1523,49.75762624499083
1524,244.7191774316975
1525,106.409938115443
1526,722.5801434158809
1527,1360.306262447568
1528,371.7138345953901
1529,280.4925767883669
1530,391.2132998645148
1531,510.7653784864114
1532,2234.98983473527
1533,3568.331534783048
1534,690.5915561053066
1535,768.5611452219845
1536,4175.468141550806
1537,760.7165316719219
1538,832.2934934105559
1539,950.0961320615266
1540,4982.531683563136
1541,1029.0381703576222
1542,4797.57889295243
1543,1059.8702444089597
1544,1042.1276838548663
1545,975.7189961559124
1546,4086.3678905829192
1547,971.2600293659484
1548,535.4945135447334
1549,582.8737866601829
1550,2932.7517089457174
1551,744.6674440935005
1552,3211.0801493968697
1553,777.7307780113231
1554,539.293132925117
1555,519.820601405145
1556,2296.9257471607443
1557,1792.9113333827602
1558,415.71043878585
1559,442.266346147285
1560,1398.1392966601215
1561,334.44906545242026
1562,313.7459064774343
1563,1012.7746386669588
1564,232.77861508042943
1565,198.61198455506377
1566,484.0645879039289
1567,82.77991256047828
1568,133.82402550070523
1569,53.58902893168635
1570,221.4526567214234
1571,62.92520968553514
1572,11.643905870925057
1573,10.826723644992608
1574,49.58346522344997
1575,0.0
1576,12.252473130315565
1577,1.1745384655160374
1578,14.141493648992393
1579,3.236929376702256
1580,2.5601924299630854
1581,0.0
1582,0.0
1583,0.443730305690079
1584,25.921859608667337
1585,23.541671998501883
1586,5.754711171275251
1587,18.58676569635766
1588,39.01962396571528
1589,2.810147205854663
1590,66.58215494172013
1591,62.0766897543819
1592,11.766454573153464
1593,19.80713815562071
1594,175.2134466997164
1595,73.58346800390893
1596,335.2530731934648
1597,116.39473925426016
1598,64.87038188036951
1599,736.8345132311392
1600,138.9536683107248
1601,209.6490189966189
1602,339.8158566176309
1603,230.36990097661544
1604,1115.0373420700694
1605,1483.4806882443943
1606,285.7213962843539
1607,315.44043223298434
1608,377.5033508442052
1609,346.77203307390107
1610,1706.5172987676592
1611,299.0367112375374
1612,1157.9021957923735
1613,261.6754359060746
1614,1484.4921266126098
1615,364.3390417500647
1616,394.7575586231172
1617,447.97206991062086
1618,591.5574998373228
1619,1895.599506356955
1620,701.9243037799621
1621,2688.5779747996617
1622,574.3112049461603
1623,3379.058251297344
1624,771.8145346765343
1625,761.0571526297007
1626,777.1367212848568
1627,3387.2890791367963
1628,673.4595436276842
1629,2789.4318312326373
1630,581.164314696051
1631,607.3296404881502
1632,1777.271415093209
1633,426.2059017848845
1634,336.2786639678137
1635,290.2220518098072
1636,1157.5877696656712
1637,260.1001153208058
1638,565.1831963238204
1639,173.19702775939885
1640,175.4709722220056
1641,377.4140210108694
1642,82.25395974176658
1643,115.99806876149268
1644,45.3522901936684
1645,148.11240386786417
1646,68.1251835107944
1647,49.77429835117588
1648,27.114496473366632
1649,13.774471727112378
1650,0.0
1651,46.97459138056328
1652,24.21314582507937
1653,10.128905567683583
1654,46.04268351063942
1655,32.57062429715776
1656,10.227058245505436
1657,9.104964986512677
1658,0.0
1659,0.0
1660,12.928553528495373
1661,15.785264671133632
1662,25.407794391303696
1663,0.0
1664,43.01178025572713
1665,58.09207906401779
1666,164.51752764811974
1667,31.525728671004234
1668,189.53080748752447
1669,15.558889470635703
1670,33.318823392265905
1671,254.04754480578137
1672,33.82754845569738
1673,36.18231372334003
1674,530.8695792984373
1675,112.7563879722312
1676,111.42554121142696
1677,165.33709482210594
1678,606.6800962500089
1679,170.78676275406147
1680,278.767081844868
1681,233.858208537152
1682,974.7662038538742
1683,312.43193642193245
1684,345.6417118136453
1685,1396.0065556501504
1686,396.1376219669788
1687,1293.1457654871576
1688,341.0354739468971
1689,1341.9305248951746
1690,280.12977412547656
1691,264.3624166659108
1692,251.6181918992096
1693,1042.246973883526
1694,265.70179442220274
1695,198.96269064676176
1696,177.6953929321153
1697,792.797081545993
1698,333.3313751742756
1699,431.3623525733532
1700,1264.2931491875186
1701,492.8858546912164
1702,466.4066375484541
1703,2068.621858081181
1704,1708.1626534780337
1705,302.5842957354749
1706,332.1631507922453
1707,190.5400053808949
1708,883.4472915755226
1709,198.8200700407216
1710,91.08418592968953
1711,87.73942243416944
1712,418.1333694932963
1713,38.70425381829996
1714,49.35481095012187
1715,218.38657644782987
1716,73.00837829636488
1717,11.794704117389148
1718,6.343081011295339
1719,13.852804416834784
1720,17.05283385664216
1721,0.0
1722,2.7269772019588734
1723,14.221815611582803
1724,11.13269881037034
1725,5.512631404761996
1726,2.165258921776383
1727,13.01663460765899
1728,13.31528631380712
1729,0.0
1730,31.17102936603085
1731,81.63399791475996
1732,57.70739372936178
1733,5.60692231053993
1734,62.80015918665204
1735,22.816251289951705
1736,173.78256644222563
1737,123.66025051600138
1738,289.9752423516376
1739,61.80933457150921
1740,199.89019567183857
1741,682.6271066444739
1742,136.22728129257754
1743,322.37325651467665
1744,425.7798504931647
1745,1778.0758163572611
1746,463.7691611155356
1747,2761.555941075574
1748,601.426117087777
1749,712.6619706584191
1750,689.5785874535137
1751,3599.395101439222
1752,868.7075768459686
1753,4302.750454702968
1754,867.8855046563514
1755,927.5450086075472
1756,4509.435122378663
1757,954.524002939682
1758,934.6486361779032
1759,938.3674519696502
1760,4266.40617899265
1761,4085.421333684241
1762,864.1017838905719
1763,876.4333087578783
1764,3581.8029267365064
1765,727.211817488512
1766,762.8464671301934
1767,3010.80228292289
1768,718.817500220177
1769,738.2463212140317
1770,2533.6544619279134
1771,595.1563749095999
1772,557.0553346660653
1773,441.52426747620734
1774,439.77491819101897
1775,1859.24873522238
1776,1172.1534719235394
1777,265.28470003946893
1778,298.16744391022326
1779,236.4976763271882
1780,957.1416625535152
1781,249.8263748878332
1782,493.717132907108
1783,155.329411160914
1784,149.23645555204806
1785,96.06323067512166
1786,91.3316085792624
1787,311.7017957797008
1788,174.2425735132502
1789,33.17284723294745
1790,66.25504041157991
1791,5.3594938480556005
1792,35.358533298273066
1793,23.91236556041737
1794,33.02019620977619
1795,0.0
1796,6.007934745629973
1797,42.8511858396515
1798,0.0
1799,23.883759088088567
1800,6.329789650147814
1801,4.810103989785547
1802,0.0
1803,45.20695962993307
1804,32.92296454582513
1805,0.0
1806,3.231981077808828
1807,139.24094719908507
1808,74.76708282827083
1809,48.49651284039341
1810,114.13489082521184
1811,338.5586732303204
1812,209.427004605896
1813,144.11236506735992
1814,758.8296361463539
1815,1453.533817648852
1816,366.1443511020032
1817,319.22009251114434
1818,443.875351668673
1819,2485.3768255661003
1820,486.82420451081686
1821,795.5213106178505
1822,3473.389854167121
1823,593.427026980204
1824,829.9569812682236
1825,782.8879570170876
1826,4242.495112645622
1827,872.3425946367829
1828,4597.197117916134
1829,858.7958773814421
1830,949.4568202279454
1831,4785.789970887644
1832,905.5279233553568
1833,4622.701330159455
1834,975.8807057272016
1835,1014.7955719734072
1836,898.0233600103485
1837,928.7948746107892
1838,4496.245068183758
1839,3900.837483821184
1840,804.4301223277389
1841,848.4735920911953
1842,645.4928352764339
1843,3141.862537613684
1844,676.5671643690736
1845,1789.9214183470706
1846,374.72557843507474
1847,398.6217911600264
1848,301.32039180478506
1849,1332.004587292536
1850,307.15537098660053
1851,999.422975184354
1852,230.2683841808801
1853,239.59540887424467
1854,573.2921179998312
1855,141.0706116943906
1856,163.1524671403888
1857,73.83413713467951
1858,303.9289118120452
1859,110.06067553452834
1860,80.87772752349882
1861,17.75411312956076
1862,49.49162284163466
1863,16.568896407640334
1864,16.13522464651365
1865,0.0
1866,2.06048458875972
1867,8.373350239774734
1868,32.257561492076604
1869,3.612497316130921
1870,4.952337512481312
1871,32.97629455832579
1872,42.68678143725739
1873,6.966162268619251
1874,18.7975426740279
1875,1.5837960830176296
1876,8.715173626003043
1877,35.04744285953249
1878,110.8726331523979
1879,55.42504294689587
1880,29.37938563496905
1881,46.276539856215535
1882,296.62451413090906
1883,89.60081483761664
1884,113.9769664188206
1885,53.568340122458
1886,398.5551473116348
1887,586.7751866836683
1888,114.18157529158076
1889,152.7721703637754
1890,146.58493585435758
1891,644.4420475765583
1892,180.9749178922171
1893,139.13765477807135
1894,766.8050678071666
1895,155.35555517982823
1896,834.6321002181551
1897,241.8550862202955
1898,173.92738076716424
1899,305.2157128225484
1900,219.17497389952587
1901,1065.0777034820703
1902,268.65283548871366
1903,1372.4752148982504
1904,340.28808679358974
1905,1281.0789745960506
1906,332.0909003593703
1907,253.36686169576265
1908,815.7512302156296
1909,167.493513058513
1910,222.5750439358908
1911,208.5853739315594
1912,1070.3001223097651
1913,232.10842791995208
1914,172.11839612285493
1915,142.97521635518032
1916,1049.3894336937003
1917,940.0139015506318
1918,180.65507902731156
1919,201.4863078217616
1920,125.34357146729228
1921,789.293850247809
1922,164.85259185363162
1923,326.85813027385245
1924,62.934752534015175
1925,98.61411999275504
1926,29.814326086064145
1927,144.5863414633926
1928,36.89979760845367
1929,0.1404182224672236
1930,76.54854505251892
1931,20.461752173391098
1932,0.0
1933,24.22201311367192
1934,5.180570142923727
1935,0.0
1936,0.0
1937,0.0
1938,0.0
1939,0.0
1940,0.0
1941,0.0
1942,0.0
1943,2.228119227862983
1944,0.0
1945,2.468228216490292
1946,0.0
1947,6.0860157867827445
1948,3.263112265080582
1949,13.955865187757013
1950,10.941708971901896
1951,29.796478661540068
1952,19.12491648089788
1953,94.57809308048776
1954,9.7299565778292
1955,30.054483428969004
1956,10.304745744560872
1957,125.5133437102856
1958,0.0
1959,56.230647855896464
1960,33.852187879836904
1961,253.23642985441032
1962,376.7789701785932
1963,69.17754906835225
1964,73.75667927969552
1965,690.3183845501462
1966,164.25300761626852
1967,176.86284744918663
1968,210.10711514543863
1969,824.2093979826806
1970,208.1777080766097
1971,220.9777997435249
1972,184.3723627294113
1973,788.7180905332975
1974,177.0221569802279
1975,204.2054722437581
1976,790.6903676253398
1977,262.01089776685944
1978,901.2180202681584
1979,221.9152416284409
1980,701.7699258668513
1981,191.92048339324992
1982,181.17383637356525
1983,232.9836157959993
1984,950.4140761539604
1985,247.9497395682168
1986,930.9636970889896
1987,264.0495701690746
1988,239.0656474068447
1989,232.01810486041705
1990,208.982134483037
1991,745.1650929821179
1992,730.1412698757845
1993,201.5430004216724
1994,165.1013085341936
1995,151.4657523363579
1996,134.85727103759024
1997,511.45019954384935
1998,75.96386004419915
1999,284.7251666709641
2000,89.91811212552969
2001,114.648192479167
2002,40.237285251211176
2003,61.66825355082479
2004,18.382943994804958
2005,19.256582491596312
2006,0.0
2007,0.0
2008,0.0
2009,6.067956696043566
2010,0.0
2011,5.983337930705718
2012,11.077776842364637
2013,2.2382509759638385
2014,4.700395383086295
2015,0.0
2016,0.0
2017,3.7091760060991454
2018,66.81608173597571
2019,68.76940503807408
2020,57.4997931446208
2021,0.0
2022,2.6901840042161664
2023,92.71540749913513
2024,176.0468404522677
2025,368.1460954565454
2026,38.18079047771033
2027,129.8766251047647
2028,593.9457817505414
2029,108.9371594436797
2030,211.3462173707039
2031,301.9898818153549
2032,232.00618488924692
2033,1187.1369515853771
2034,385.9307343608183
2035,2029.0626847162853
2036,293.3430241627852
2037,474.70648218603833
2038,337.50572892813165
2039,2892.0414596911965
2040,3108.2072935232977
2041,561.6794238430302
2042,576.7986747476999
2043,702.194107988245
2044,682.2499537690038
2045,3585.7368475162407
2046,755.8948540412067
2047,3891.54619458261
2048,775.9112632150484
2049,3711.656729347118
2050,657.0093514424881
2051,700.1754857408522
2052,3397.67006130898
2053,659.703637164751
2054,665.5099452083064
2055,681.0738881213424
2056,737.5236389632464
2057,3506.8329141238632
2058,565.8139466493938
2059,2757.0812610544854
2060,597.7353486160764
2061,1719.7765572530873
2062,322.47496209994983
2063,343.8706644387502
2064,935.7614892565229
2065,174.03208900841443
2066,198.9584065839801
2067,172.78652719647866
2068,168.17842722652503
2069,704.9770934017807
2070,508.0299401596216
2071,96.13729387982006
2072,114.42229854114832
2073,57.04036165235255
2074,98.56451000119432
2075,312.7772173976934
2076,98.37210075217642
2077,17.401540119698744
2078,65.11886562502204
2079,44.802044055105135
2080,3.087592064283018
2081,0.0
2082,0.0
2083,2.21839186641458
2084,62.70808455462763
2085,18.35449378224574
2086,0.6038260515687419
2087,75.73281915410328
2088,98.73961670560804
2089,49.78033038873355
2090,9.961392281928813
2091,4.283918728634444
2092,19.360044774108093
2093,56.58233831109462
2094,92.46634135148032
2095,38.39190490777138
2096,0.0
2097,77.9842684069065
2098,167.69741959549617
2099,28.44410517593079
2100,74.32862239408574
2101,255.50534207039644
2102,88.86287220371135
2103,609.5696038365859
2104,82.37824363060489
2105,120.035394125848
2106,742.7964766710655
2107,180.7283959136147
2108,184.01174268507464
2109,91.09202887863236
2110,904.1625647016032
2111,141.72823118238622
2112,170.17389330883967
2113,1088.356639429838
2114,227.3397167890103
2115,292.4289605639606
2116,242.2364510734552
2117,1447.358232117234
2118,2507.4249609261183
2119,566.2190825860781
2120,448.0217089706719
2121,591.7020704041822
2122,467.8635928536792
2123,2766.20276482604
2124,571.1929898893532
2125,2866.863641665257
2126,570.5726236053866
2127,2964.62114909416
2128,593.8818019944001
2129,542.7874718002236
2130,1242.6057478469686
2131,316.1744463871491
2132,327.44192358581034
2133,946.6015350541292
2134,282.1519641112421
2135,234.009274244962
2136,180.01925569046458
2137,151.8660592194852
2138,663.115722321421
2139,444.23037573441945
2140,125.49093936426738
2141,156.40590271935727
2142,62.28574327912615
2143,317.6551611721675
2144,84.44380057177776
2145,49.517385115226325
2146,191.98304150780316
2147,33.59563900965317
2148,27.245317805409908
2149,58.727869242479926
2150,8.226704255166236
2151,17.139126274384598
2152,11.265920790164447
2153,0.0
2154,0.0
2155,37.26522513583702
2156,0.0
2157,42.19819223301588
2158,0.0
2159,0.0
